Id,median_house_value
0,279687.95079733594
1,271063.75263599894
2,78857.59544356774
3,151484.2997077746
4,45127.14464591643
5,174515.1988166892
6,118115.83122337562
7,97452.24546246548
8,154457.77504489353
9,63458.27297116661
10,247707.36357536606
11,232438.83039137005
12,216736.0990069231
13,198145.30707407466
14,236369.37675495463
15,102435.36886812447
16,98824.69108859522
17,148150.23740733293
18,241045.07828233272
19,492623.57497588877
20,340054.99786605197
21,278579.07516787807
22,50029.98836713001
23,454640.72909984674
24,232167.93919584953
25,79304.7951557483
26,281023.8539532551
27,213801.3768869213
28,82004.8874354952
29,73386.17268207602
30,56689.34545826612
31,252360.62959933426
32,189748.74185124855
33,178569.77642559458
34,98240.98154768064
35,19844.44909473825
36,84181.20682542027
37,112828.7780290277
38,360129.384746889
39,181613.82470599894
40,182096.16415658564
41,179165.3053649679
42,220481.2231077405
43,216653.71477018102
44,237451.6655989541
45,145588.89849154072
46,274384.99158517853
47,241231.10683038682
48,86863.1775748339
49,98120.38987959208
50,234880.02408997115
51,502914.1071380008
52,207062.07086621932
53,302407.4521220734
54,95129.22440526189
55,327814.0429225177
56,204249.01408008306
57,163708.09612556538
58,383927.5011808345
59,168847.67999438255
60,167934.81772713191
61,192978.85620645838
62,329313.75325479417
63,291107.2292113576
64,198002.62622943587
65,445916.6463736833
66,151293.54177172435
67,106479.72976682069
68,98628.29937321371
69,182425.07821230468
70,97768.24549020095
71,208118.0504762541
72,98223.28183653206
73,245606.46258301934
74,106902.62853845803
75,272596.7960327731
76,113787.7336009543
77,129078.11143621425
78,195665.61369612708
79,179567.14602448876
80,69210.85960680681
81,92334.72841469207
82,169066.719447291
83,86025.19385633309
84,230514.0586462002
85,117504.15651094777
86,141034.0359062781
87,212304.4097286912
88,142784.5756045544
89,135987.4219639876
90,111204.59389749168
91,181549.02430244343
92,280537.91977197264
93,184588.92710260348
94,347917.3249948751
95,344374.5958528483
96,287452.8079859914
97,452807.745789818
98,172793.39708815416
99,317638.70967170224
100,297995.4522318256
101,61204.783509343
102,295748.2797079833
103,414104.46139385464
104,126485.02906765492
105,182875.4951238489
106,161313.11280992438
107,115535.81901218575
108,261375.07393423488
109,64143.29494602246
110,130998.33062935022
111,146155.65018292537
112,134060.5727476583
113,129977.60718900111
114,69234.18798222134
115,271140.3845447418
116,137020.8500346505
117,225493.41558322133
118,126923.2470951632
119,360103.2037885437
120,366370.13317036466
121,137595.5960795751
122,271068.7511638003
123,152380.8624766675
124,127361.67380068902
125,429405.2534136604
126,88302.15411333842
127,127769.06556274022
128,56924.829690997336
129,124366.93554233566
130,136823.3783179505
131,400704.3132232536
132,184988.0267530267
133,364317.7095211341
134,182237.99329510506
135,185004.43821795704
136,66527.46851969571
137,127946.10006991068
138,132589.7192831381
139,158025.34609042708
140,282673.64864262677
141,111752.69351436806
142,215775.0658486674
143,276409.46680559224
144,148147.1576332703
145,139122.29848878898
146,158892.81757452906
147,232297.67077122553
148,273739.1092458178
149,454200.8597141642
150,253980.05337188827
151,188102.2641447395
152,152516.96080935176
153,148853.55760962414
154,201590.25445675277
155,43327.48910854305
156,202120.66608004842
157,391128.0692167416
158,75836.84701843718
159,111271.61762578045
160,144209.0245801533
161,107716.0823440173
162,264833.66971406294
163,111706.6262637005
164,172031.7403235757
165,181467.66646348673
166,358042.8489678187
167,224331.42321163497
168,110389.94042235841
169,82889.0893581531
170,296243.2570659846
171,259014.05659694434
172,328209.4503576803
173,216731.754624456
174,188712.0651394097
175,319069.15145821834
176,140419.6107392907
177,294173.1761916437
178,163059.85928957086
179,265161.0916362577
180,297080.37897472037
181,342120.6454641012
182,73069.8903816464
183,224881.6034220085
184,168931.2696377681
185,204972.15059810356
186,236680.66743995683
187,222605.84256870477
188,303382.7103326055
189,166376.9400986279
190,99986.45586397644
191,142340.1401249316
192,228688.06406664092
193,167832.81160546443
194,142030.8297996652
195,98868.36748128347
196,147295.51202594192
197,245130.215397507
198,343881.1546714246
199,209516.22995186909
200,171824.15576168487
201,205174.87410217227
202,275651.3301520406
203,187576.36808870896
204,414189.3962688902
205,220482.1639613098
206,310075.9850014352
207,115488.09593662096
208,150565.9982746416
209,296402.7294882875
210,336246.50711620355
211,402622.9961522993
212,106380.65330622779
213,79943.50869262748
214,201577.5147760794
215,101811.57910057485
216,311744.76901780046
217,334404.7342950493
218,274676.2176317178
219,178073.61286064913
220,212147.21191768715
221,231122.58785305673
222,180472.6931020015
223,227420.0048423549
224,333002.1224196073
225,197263.43523711333
226,151401.0990982593
227,86321.53801643377
228,291967.3942466649
229,397906.50982297317
230,276312.65864101064
231,129137.00601394226
232,479674.9914857311
233,171674.57589906445
234,113287.5096037871
235,331945.0542799317
236,250886.37651937126
237,131965.91933894402
238,252191.08976764567
239,134020.00900230993
240,254127.068333396
241,425475.8948138142
242,488848.5790227533
243,153230.10996207612
244,93190.41867583513
245,203150.8962580313
246,290417.2847862333
247,304720.6382682056
248,92306.99826438705
249,124867.25051620496
250,153090.14418181175
251,191735.7288974294
252,95807.2339179279
253,261358.48687322513
254,349130.71897915314
255,471976.6300621513
256,217739.52159495227
257,67673.32048053677
258,169242.46561879842
259,314087.7412947881
260,128881.00859166426
261,284823.12500527286
262,136000.05135059904
263,133179.9353616923
264,292788.129366909
265,248277.9125878754
266,181880.75261898292
267,226858.58425988216
268,133214.8395078794
269,244528.7153278276
270,243830.74261045328
271,173427.4255119564
272,69252.29080768487
273,274634.6653359346
274,89094.18612998704
275,243250.46832579374
276,113263.44425453506
277,201679.95028069077
278,102064.86239412017
279,215880.9524073817
280,413013.4967852431
281,379142.33229173155
282,170372.62591402096
283,195377.93686949843
284,403603.590720291
285,181554.89272703647
286,256361.04927340572
287,143500.5937969477
288,148642.98269738277
289,184846.06036904056
290,213911.83199853916
291,176241.4841139829
292,203014.79124372575
293,161332.83640804273
294,104858.90637439897
295,112156.58054205104
296,119583.47210787055
297,96605.8614729211
298,94956.47272895392
299,210588.57370714087
300,113738.2137031567
301,252172.5014535859
302,229368.10958979515
303,216855.8661157844
304,190588.6405219328
305,321224.9964653258
306,414505.5337066256
307,480912.0971743857
308,546790.398284347
309,147584.16586050513
310,231397.51421510626
311,514634.6932277976
312,364592.33047757036
313,185179.55090388472
314,157202.07963558647
315,314978.74139345833
316,235184.13289749794
317,206825.7915785125
318,288507.10189123347
319,204472.7978352914
320,203935.45920758555
321,115304.0325968693
322,251910.11885341577
323,159920.73156197253
324,172968.25930522263
325,274667.5922822742
326,198621.41720480626
327,181232.80663490304
328,282029.7710677902
329,247136.6534300192
330,120585.94033070935
331,246760.87544784855
332,74132.46915419048
333,216609.79426575982
334,157940.0331007775
335,67718.5478141083
336,209432.97327315353
337,511266.7006772823
338,194473.3393624007
339,91204.79211140836
340,239239.10246295106
341,240362.0806504399
342,120206.2067722703
343,159206.83788881553
344,263788.1223167414
345,213672.0066675372
346,292210.1890041461
347,121976.59791009298
348,49887.241041683024
349,155176.15211525199
350,190928.93686076844
351,223824.66868275142
352,390870.0115483214
353,308178.7892256489
354,135286.89821446137
355,414263.3918021208
356,281512.1964076049
357,449821.3259907798
358,135745.4663638261
359,188875.20523444522
360,176950.78104423068
361,163824.94027838763
362,68288.20862014208
363,70942.58282075217
364,107123.85324562268
365,287759.71918510867
366,471424.5589684686
367,138924.24996418267
368,193516.33133764105
369,117314.60169167996
370,269534.47987650055
371,99431.67804517914
372,238176.7473774942
373,85115.42843822509
374,325194.35371546756
375,132447.44204891662
376,160261.84733034062
377,189599.2500573494
378,90189.27940371765
379,227444.8486015859
380,431006.1285345634
381,210039.05960270745
382,169067.29135206726
383,119144.89203274717
384,99334.14659827035
385,189649.30269859632
386,115316.69803336528
387,119499.29095608715
388,230686.52988733028
389,211195.67775135307
390,156775.75914169603
391,56731.44054902666
392,281139.23079005553
393,481564.8776743755
394,106891.51922678476
395,119856.67178527472
396,193357.8810409246
397,73691.78422551032
398,196776.14568239354
399,259952.88076485516
400,425206.6954420466
401,136154.8242750079
402,294799.7228431151
403,109812.5920377075
404,202255.22525305705
405,390697.1012320692
406,240800.56091811275
407,244103.90177803853
408,382611.12200183875
409,246080.8645695058
410,136927.10243828828
411,196157.5796004613
412,87000.00747220822
413,312622.9403885343
414,77265.27301436124
415,375705.7589647102
416,369575.21841020195
417,68797.7926679616
418,346163.299956553
419,197925.33784166147
420,229192.81654281638
421,277763.7964152232
422,210466.6252115992
423,143821.65434684217
424,350999.63259949203
425,138651.3865135001
426,280570.8592591027
427,194877.9306650075
428,260103.69223018258
429,150147.83059446336
430,161056.04242703872
431,73489.31861007398
432,210008.3834866779
433,249286.65854384037
434,171699.4916896928
435,59290.786059863385
436,109270.17904876494
437,266332.63876010303
438,235569.97326656093
439,152471.5631192503
440,277415.34405237914
441,169972.38833955224
442,159572.1793282114
443,414316.60098431737
444,279246.9380227338
445,118326.84540826984
446,148779.42627691934
447,272372.38114921754
448,110829.13226267385
449,174578.85289116317
450,163572.86762493046
451,136140.01306168962
452,75422.71561953882
453,118835.08614554221
454,218391.27655048796
455,222114.1464279985
456,243592.15162456664
457,165379.8825802774
458,300429.18934122694
459,113977.06555117655
460,173889.64627722953
461,58020.292048824725
462,137743.60777221297
463,246365.87800343797
464,500044.90151802235
465,160571.02372504576
466,70312.5292128905
467,209169.7164405925
468,476386.00466135616
469,271806.7469749451
470,172674.08337462205
471,141873.7931438786
472,335759.3836601249
473,287095.46933516697
474,219882.5885494381
475,182880.87197384555
476,116883.738225179
477,350198.19441062585
478,445737.5710798096
479,204250.32016161343
480,74161.06279829956
481,161268.61200428836
482,292363.1124937359
483,201231.778239993
484,211049.95795293953
485,286013.2109236978
486,209152.913677191
487,253190.1370244898
488,480666.03945677885
489,125350.42744354246
490,152958.64611353146
491,219234.13502738575
492,135120.99077335512
493,147560.86977479505
494,91756.84983731575
495,199433.33280182263
496,98753.36886070877
497,189139.72687390872
498,334959.2129478534
499,287305.69850213674
500,55868.54559307556
501,422306.6758930714
502,139154.6009130887
503,268097.216218335
504,327778.43537628883
505,90473.75309744992
506,195447.27338378536
507,153098.28937455447
508,263851.26508895773
509,471003.56872327765
510,260115.09912113132
511,160402.63430852225
512,421811.7834727218
513,91185.12621937468
514,165847.60115458525
515,178324.676852444
516,112291.756674671
517,338241.8384300529
518,363311.80857352156
519,163828.52398444538
520,212039.8304609948
521,183351.19144001647
522,232999.1439395046
523,190770.34752988777
524,340629.9878655951
525,199658.2956057872
526,147998.66076547373
527,334731.7815038378
528,98356.22304788807
529,153264.14871624717
530,230929.48557656887
531,247158.50956937237
532,93441.14804304842
533,115158.93718007926
534,175070.86528658585
535,137309.34077266944
536,104136.15008270515
537,387493.8440556011
538,153099.5450838965
539,132291.57164851663
540,118307.00747753885
541,409055.65944827115
542,71959.89898529078
543,247231.02098931934
544,242363.05160775903
545,147112.0023816115
546,227849.45281129965
547,142386.0621466471
548,96474.88467407823
549,153186.35319079776
550,161419.32684075084
551,102541.63269493332
552,226254.94515011358
553,191034.22783909968
554,95859.02871079228
555,217311.38237038758
556,96830.00803408731
557,322824.4184268007
558,143523.71693967452
559,150945.02008292614
560,159660.86307638438
561,160752.60873721738
562,282911.86438655737
563,221057.15586749674
564,312791.617245022
565,299832.8074574917
566,120121.54737077148
567,224765.50719946946
568,236161.7186204048
569,189446.09379050892
570,127966.18821542722
571,114176.58866052517
572,327182.1803273411
573,99771.55961080987
574,346104.83694750426
575,219324.0999486975
576,120011.39379338795
577,254275.49708392314
578,140021.4885112282
579,138838.7984479762
580,462665.8699144736
581,213688.98472947162
582,157463.38156761182
583,136280.90014917956
584,133827.38498752358
585,246017.4020609059
586,146310.95743658743
587,247036.09716112955
588,107688.62153969042
589,321056.39438362076
590,154523.4943712769
591,201779.3816881984
592,125792.7454342598
593,166208.94296797318
594,96599.80128292905
595,67806.44381724238
596,168916.42398009985
597,332248.2586543651
598,307322.8973137745
599,156666.74283674496
600,83695.68559509123
601,165795.29014043196
602,53525.21265670944
603,130126.93496926909
604,142281.30957934866
605,82903.91243029316
606,531216.0846091276
607,74223.60895042686
608,363741.28530238214
609,133302.59920389717
610,322384.5808456041
611,150425.51121178913
612,143947.00263795722
613,232932.72684642018
614,279594.02485405625
615,407781.93146515155
616,152982.42113596885
617,421912.7383983143
618,263559.95967490243
619,235159.3472667749
620,213373.50934910765
621,121963.07959323724
622,130627.37162242577
623,443907.03554558934
624,158148.3919852389
625,138603.9548141664
626,247323.99239494235
627,161065.55208922116
628,59363.52223631853
629,178279.45602277195
630,219521.76395059653
631,72021.22310007921
632,199142.03031697313
633,148696.3913118019
634,205137.5515939047
635,232737.9278558365
636,54913.2498820566
637,265288.3357932783
638,527703.1735609347
639,117066.64777360641
640,256394.06385487752
641,331551.1684169481
642,160119.6255331359
643,147438.80246713126
644,129450.57387367467
645,195968.7447495606
646,114934.68210578454
647,116042.89157985848
648,254283.25853206817
649,197430.53335509475
650,176448.51233972222
651,163079.04251943217
652,157027.817123446
653,246199.15092926848
654,105161.6545905058
655,153134.90873778917
656,205595.84582745878
657,171677.18773024046
658,198395.4381390778
659,209626.81774513962
660,187942.71470166158
661,112666.39739924548
662,177804.341132696
663,197701.6755026849
664,234146.44832983473
665,107114.55719998691
666,155647.96722254992
667,181833.72856800826
668,65980.72052207771
669,261929.9657682689
670,211318.21805742933
671,235523.80477159566
672,154653.33995859025
673,49966.0915424015
674,162252.41710231733
675,136390.32969831926
676,156150.65817213702
677,248981.2240933938
678,73598.3685843327
679,314814.1743882832
680,102032.77139917878
681,255927.0902680732
682,84742.50590928765
683,106215.61461590457
684,357979.1336758342
685,210454.67187278913
686,206933.78741173504
687,232114.0773037416
688,173108.89936093386
689,108022.94918769613
690,192179.9890972967
691,80225.18245999176
692,467461.0079039612
693,337145.68163717096
694,114054.30946636917
695,60152.205064058806
696,196988.87409628136
697,171212.43938188718
698,290390.90104926936
699,163737.63592291376
700,71243.65175530568
701,355541.3500515747
702,114406.10199319747
703,164005.9226774785
704,260414.65885730702
705,278261.91280814196
706,163821.9224445919
707,280298.99963037635
708,198807.88302935488
709,485582.4137528091
710,184462.17718091846
711,342987.86285002314
712,386760.81856517034
713,251803.24164231462
714,264572.45587561035
715,345919.9709244383
716,335518.1564500445
717,207182.0660630811
718,363778.2318925567
719,276704.69945155806
720,284957.31695168425
721,74758.87586864397
722,289761.4574758396
723,199351.9054655625
724,331590.1363537684
725,189609.37108351884
726,182827.5777280053
727,146039.58323259407
728,92430.30594531957
729,268542.39384026744
730,409628.8128341966
731,304927.67611866933
732,177114.37150780635
733,129160.41706149423
734,168288.72182505392
735,172792.00437836142
736,286418.5550835487
737,236307.5431996462
738,128252.78102481084
739,248637.9272200129
740,146155.1124590812
741,330002.1643886599
742,176169.74153328085
743,227125.9151107044
744,146348.62304498637
745,352153.287616507
746,74065.99452881164
747,74784.28140424973
748,200041.83068080124
749,365805.04229114857
750,207644.11129542303
751,307482.1264543888
752,119232.48344627692
753,100609.69757313527
754,275317.6806814782
755,127500.14656330225
756,480035.23653486284
757,96722.00400099368
758,303331.2002163077
759,255297.57456866998
760,329980.3986291836
761,434518.5703482665
762,72655.95616127882
763,174779.04288827087
764,214349.41811188552
765,87431.40436176599
766,148483.99821414286
767,138343.3750265173
768,263307.66528326535
769,424329.29373250715
770,47962.81546312527
771,230306.4998876715
772,199926.37277994532
773,46688.272787831134
774,444049.00831810804
775,212918.4037400285
776,251748.2338318873
777,174056.94721972576
778,70976.54440994987
779,177028.21179561177
780,280738.0593883774
781,174930.9351608686
782,223437.74790545774
783,198228.21359922524
784,152378.80624910333
785,340439.2052412425
786,534334.8313414551
787,180620.90584963936
788,109761.49960498577
789,270677.66536117374
790,114341.28492645356
791,282330.2743593785
792,127890.8130589835
793,281653.02891504037
794,226391.58255825474
795,124073.16691150963
796,206297.75222644652
797,109769.27800246145
798,232928.93200560374
799,172044.9678916911
800,455986.53485763597
801,256737.73980778333
802,148645.1818517017
803,137167.73056522236
804,121063.31743479913
805,58073.76842544458
806,281500.7741318689
807,316389.7225368573
808,164767.3111448121
809,189950.69569242353
810,503790.67144830123
811,246771.4405341821
812,112157.41941868118
813,252159.04773613758
814,116459.04138599169
815,37044.329451636295
816,96440.28038107358
817,90960.26267720014
818,400740.83658302424
819,89243.27909372163
820,120011.8254383066
821,169509.33468289734
822,174022.34554938943
823,370691.8747186809
824,197689.08740093064
825,249964.48204509332
826,428669.0740616059
827,176023.41813607048
828,109005.28349573129
829,191106.99395224988
830,382722.0344230224
831,224996.36127553074
832,404600.6144191565
833,227514.1080023904
834,81828.13567822112
835,145991.63598396708
836,78577.28143017157
837,127100.73913205203
838,304303.7983686035
839,279647.6520116887
840,196344.27130755034
841,211820.4827323421
842,264547.79997223715
843,186468.8500392773
844,104785.93538038994
845,167439.41998515723
846,59558.12862950979
847,194367.08024291974
848,159075.8667356809
849,88396.5556907156
850,83738.91331369206
851,143677.68350348744
852,186825.30839960967
853,260074.59822759786
854,261711.7128057365
855,288559.5566214486
856,161092.75029757395
857,295942.72802572936
858,160058.1768161053
859,319323.5845773478
860,131101.33249918904
861,192380.48831880564
862,62392.21244864776
863,202663.87442808444
864,169400.2779533877
865,189051.54233297874
866,111858.04044203623
867,167624.44899171786
868,214402.73951425802
869,205568.37330281636
870,241899.78821656216
871,301740.9820798458
872,303653.0670394511
873,55181.37247193385
874,138842.12427343125
875,178801.48625754652
876,180966.41346414894
877,95841.30999624159
878,170832.96714786577
879,422140.1232210976
880,297939.09670268476
881,158840.54435849722
882,218006.66718367478
883,176019.56657623392
884,159928.07576782088
885,74448.20759194337
886,359380.7391644023
887,209557.43619741482
888,230370.6068507513
889,89949.23869328853
890,78762.99380789195
891,140516.5502149162
892,321605.042641323
893,265766.49458369275
894,173924.69744350552
895,151433.97304850706
896,142544.5255639446
897,112082.54729313064
898,86645.58035848696
899,407156.8667943805
900,219255.23955744135
901,320233.23843103525
902,96021.13662842303
903,255052.2533885805
904,110022.66436181482
905,161888.66973198857
906,88234.71664394779
907,127390.95359774954
908,138834.59920194352
909,190006.87148249417
910,259827.90867208867
911,182778.97127188434
912,236561.36110729302
913,217060.04622892317
914,133868.43647672664
915,191076.20819450333
916,182351.85189359126
917,265061.7904511657
918,268774.8418735427
919,143843.47686011132
920,131015.82135866283
921,90035.37536176528
922,493152.2023678411
923,233585.47505050714
924,141545.22269201875
925,171661.38667998541
926,256292.51409311115
927,101997.76003303198
928,78937.65750481564
929,65906.66785974111
930,190719.22754773946
931,403613.31006081303
932,177263.1388267522
933,377205.6383671642
934,405971.16066776623
935,171918.6450681632
936,149897.42120330423
937,73646.01359056238
938,285663.38455938373
939,270509.30316726735
940,374472.18755742686
941,70911.63743965334
942,464780.00512508577
943,191025.7789740861
944,111164.16136115613
945,512771.5638759156
946,185963.32430176987
947,133686.24285419297
948,370701.8351274636
949,183684.07471749952
950,66606.97338466284
951,129225.83636579134
952,145593.79358314772
953,65128.70644931063
954,119089.2852533297
955,263992.5897004757
956,270938.8666736683
957,149883.8501670135
958,186970.79697912064
959,85552.74992946553
960,92639.8978711121
961,150555.77310480818
962,355740.0564667141
963,85922.97785966849
964,124007.19552414671
965,221183.97661673263
966,26348.25821518545
967,332192.17141021404
968,272339.60721098084
969,229851.9653997143
970,238341.1667488808
971,303440.89644000394
972,125717.25503223857
973,185219.63230756784
974,264888.5916110027
975,372525.5852319533
976,209365.3789846953
977,254950.01413043065
978,348629.50070751645
979,130172.56138353789
980,180463.57175261521
981,296644.69679987815
982,214527.92531848463
983,356380.00821572205
984,95199.13241700067
985,160876.14766099377
986,168209.19567323063
987,124825.56130114346
988,274297.45532998047
989,114383.0826530676
990,202409.4411748864
991,145232.38092973645
992,162414.5307253688
993,152661.3735153074
994,201713.52512653268
995,120049.2968121504
996,195849.21910402068
997,122320.3776729928
998,425499.8693807719
999,113245.18726281579
1000,173210.3256547866
1001,96771.52245124117
1002,129325.47179583562
1003,222151.1014517478
1004,140941.0540435536
1005,342605.7103307958
1006,127504.38269809233
1007,148891.62707210492
1008,157595.34658284375
1009,196550.3550730657
1010,205118.3340715572
1011,421438.97482826223
1012,118507.94822759442
1013,376888.14865472034
1014,141386.8976656395
1015,96792.87970186776
1016,286398.8959628806
1017,105862.87812091873
1018,205348.75627377536
1019,250662.4427784645
1020,144530.92370126033
1021,476680.98610234575
1022,548189.3769149643
1023,262198.27282469475
1024,180794.15137253248
1025,128897.29144137826
1026,174750.8448669556
1027,171987.96510512877
1028,147935.5576318555
1029,70497.23412828521
1030,158680.98023523967
1031,298678.6459144683
1032,95153.86546637845
1033,71453.12001202082
1034,237749.8006541631
1035,63595.15923219347
1036,223038.27299376496
1037,227779.95590851136
1038,429765.4931375459
1039,315496.85860843345
1040,138589.9829627698
1041,190552.13975536363
1042,115692.54244894511
1043,278956.56911267183
1044,135074.0276873976
1045,210507.37315843697
1046,150734.40812564475
1047,104295.11762395223
1048,133899.55577214403
1049,140857.0297293839
1050,127165.54395881991
1051,479399.71520165
1052,341420.44761966215
1053,255511.10331137746
1054,182410.96410967948
1055,148681.7949526465
1056,278392.1356858138
1057,146694.26379704068
1058,202288.98404892758
1059,118445.50067587565
1060,88668.30863272665
1061,237808.37562442356
1062,99021.80917560979
1063,290497.617168661
1064,232864.0832147592
1065,76716.51187829414
1066,218958.89634150272
1067,301782.6811313393
1068,116355.00907798095
1069,178605.1811386764
1070,175051.99360519135
1071,126882.09948515266
1072,205789.46536474262
1073,101576.0868914412
1074,269355.4982947801
1075,109628.38590820406
1076,145345.81049329913
1077,173784.3694263946
1078,119076.039043273
1079,136866.02459970055
1080,414139.4550096072
1081,149604.3415858551
1082,115611.74874272925
1083,371787.46384928026
1084,143560.05196356558
1085,159730.29706718578
1086,208817.73133394663
1087,342159.70377886435
1088,396977.8473004344
1089,371919.3499544772
1090,184281.7613216001
1091,139351.3182498356
1092,199061.19878448782
1093,533326.7516618267
1094,185827.3275708484
1095,377040.4562778664
1096,98501.52829785988
1097,250416.88655174372
1098,315267.3156604986
1099,189280.5169127332
1100,88275.85144955649
1101,230331.95359122075
1102,253291.83273948755
1103,302165.5987966197
1104,216510.4275591908
1105,208909.83269239654
1106,141750.1636640693
1107,341927.86699665285
1108,340779.39585608616
1109,61367.248583607696
1110,308347.82017416315
1111,218766.04150180062
1112,249362.54534136926
1113,196001.79579385577
1114,161540.52619067047
1115,120376.74015613055
1116,125479.51841735716
1117,194459.73400177818
1118,124106.8367457034
1119,232570.94847193893
1120,215686.6054149085
1121,222218.32092732575
1122,136239.17735946557
1123,76882.5307233992
1124,324321.4217478872
1125,74065.5139229485
1126,150251.22177792067
1127,270448.7178284386
1128,216957.51203832915
1129,86792.57513683153
1130,133356.1140987881
1131,424833.4645876173
1132,68619.2388390534
1133,175815.52495211776
1134,357019.63969796395
1135,328939.61134831415
1136,125355.41327857248
1137,293115.0346116001
1138,549299.2160757034
1139,121276.75789147118
1140,175726.02972118597
1141,295544.6627959315
1142,249448.6925266364
1143,115160.94198766969
1144,178994.94969892228
1145,92162.17807833935
1146,192487.12722368183
1147,182559.11440129625
1148,78496.3118713558
1149,74912.04790567301
1150,180132.67236790856
1151,151269.49427339787
1152,90314.95142983376
1153,214570.78316554343
1154,148581.87273218806
1155,580525.5585821342
1156,62582.12652987052
1157,150381.21060865233
1158,298240.4833438845
1159,198815.13207497643
1160,58397.08166116316
1161,113585.72187673966
1162,243988.46813507436
1163,79104.64994827211
1164,262315.5935057035
1165,182660.8333622095
1166,205638.14035052687
1167,204943.37011240795
1168,175570.5673550622
1169,188038.0050398972
1170,209326.6301018816
1171,59599.944500225625
1172,185838.76011902338
1173,272354.57544862636
1174,239105.01569349554
1175,444027.19905340386
1176,83837.23903889328
1177,231471.37296354654
1178,127542.97842058944
1179,278149.27469566325
1180,359530.00734309
1181,259131.10020631997
1182,102765.0998143402
1183,169452.08459052065
1184,151647.66508235
1185,216583.99807293867
1186,236108.19174685428
1187,367745.7819829779
1188,109654.01204223784
1189,268724.28207322134
1190,322645.19276969123
1191,225591.10562305036
1192,184657.72043999584
1193,161098.8938801261
1194,64806.61112431567
1195,64486.72837096081
1196,222426.3813740097
1197,157414.80206951028
1198,178935.1391902386
1199,230249.79447466828
1200,121209.89943720575
1201,242333.79479391614
1202,200084.29422239403
1203,254050.71776454244
1204,117131.09756299228
1205,211948.69222968633
1206,136696.48555027193
1207,99045.06711848204
1208,115777.34932072343
1209,89231.39120045984
1210,195133.41498730492
1211,106208.94011770087
1212,504860.39736446436
1213,141578.75148349372
1214,132696.78713333592
1215,381569.72569069435
1216,320674.59276003786
1217,201497.0887317746
1218,242590.84539059948
1219,207554.99364098322
1220,96555.38421480042
1221,359218.1785591153
1222,204705.46600289643
1223,262154.1258807809
1224,172718.38190156705
1225,222372.0969926627
1226,130174.51383751653
1227,104148.90945717458
1228,455720.79836833687
1229,277789.8720878798
1230,170088.58574105497
1231,87975.38450277671
1232,406932.98816154274
1233,193178.57324641742
1234,335656.3540570383
1235,73608.20595817165
1236,121585.15174273071
1237,188673.4957262
1238,92329.64185436867
1239,293615.6813899518
1240,353373.9382568391
1241,133497.25481876152
1242,171921.5841874846
1243,221044.67850315836
1244,186118.72896572688
1245,90228.08450878406
1246,238692.21211781213
1247,314157.1721205408
1248,170664.5317952131
1249,324229.7350809299
1250,124059.05886305601
1251,370166.7033128254
1252,233770.33903857996
1253,154232.17143266264
1254,112255.64014884969
1255,475008.3726390929
1256,114646.61942013034
1257,103943.561047515
1258,215910.34529144043
1259,424341.63860731927
1260,150193.332575908
1261,101177.4070062225
1262,295945.92859928746
1263,238570.6071143714
1264,205648.21044645645
1265,188638.67394416232
1266,263577.4373878614
1267,181621.16959535817
1268,294327.77680897585
1269,230807.5317051786
1270,225188.8249509984
1271,208404.24407037653
1272,119202.43197582745
1273,412141.6810571808
1274,375990.81440194027
1275,348933.9564973661
1276,376818.60034984106
1277,125537.8918097529
1278,307839.6409933088
1279,204885.2597974624
1280,113941.34819564434
1281,87169.32163800525
1282,121809.48155217957
1283,102589.37383928197
1284,111403.89659556448
1285,270405.0455220456
1286,132396.83750433516
1287,164664.07856788044
1288,55947.759752119404
1289,229066.92180647797
1290,99519.51097368966
1291,131694.32354650486
1292,228452.64710622706
1293,143273.75813009765
1294,207572.7267475068
1295,88222.00545032624
1296,164447.72789688403
1297,114654.58909313512
1298,367854.6138746461
1299,117550.04134544014
1300,274862.1094296653
1301,110738.62839277995
1302,189360.78558558886
1303,258575.34678269364
1304,182039.8923226239
1305,496281.96142987075
1306,75512.83511473208
1307,108913.99209786096
1308,218078.9981193923
1309,132934.58520014837
1310,169406.59865508115
1311,446312.47643691435
1312,137084.50578842653
1313,102362.79567009237
1314,187840.2988013124
1315,283048.35525003343
1316,371698.6261515253
1317,145534.50870845412
1318,125388.04669717087
1319,312717.7651891182
1320,504657.6835913234
1321,516720.8962521473
1322,119099.15551330883
1323,185968.11853654048
1324,56621.93323793864
1325,333466.9988080887
1326,223859.96974430725
1327,153783.84456704996
1328,170472.2706443521
1329,60418.836334875574
1330,211814.49807270488
1331,327140.5466120891
1332,317906.306820688
1333,124069.52648921589
1334,223930.2100281528
1335,69684.54171873687
1336,226132.38110040038
1337,183883.77211498062
1338,114179.90572991924
1339,185871.30551241717
1340,262121.24679240896
1341,139046.1586677172
1342,144900.41658252792
1343,193199.0379515048
1344,97931.4416348346
1345,90064.76728775974
1346,370370.22736032365
1347,309711.581319185
1348,256497.01261188986
1349,188447.26277683387
1350,442946.3866779326
1351,283301.9622263468
1352,304757.56799286354
1353,148878.22951817143
1354,245861.5925048243
1355,175211.64020771286
1356,142509.22524767026
1357,138026.97487691193
1358,81597.41566203035
1359,213705.4226671896
1360,185643.7013943255
1361,70553.46817373892
1362,89168.3206775598
1363,59660.82932666166
1364,415220.82289406407
1365,148185.83129754648
1366,108867.07257135704
1367,198116.30010483647
1368,214104.12629156996
1369,67007.7370905763
1370,95774.42057967775
1371,51494.515837402076
1372,173747.96338289318
1373,412844.26853241114
1374,284345.6091928337
1375,137514.0111346683
1376,254581.8503837303
1377,163811.227946303
1378,158816.09299342547
1379,276987.5431787799
1380,445649.6205516148
1381,298702.711745128
1382,113644.78406812508
1383,252498.52285582584
1384,135027.36713313923
1385,410111.3421295863
1386,81331.30333046152
1387,150473.74674818496
1388,301336.8319311917
1389,152567.8804660418
1390,343231.99679723446
1391,80134.64005772477
1392,131627.90577394687
1393,143245.35892407375
1394,62368.03813222581
1395,208360.68680322575
1396,133212.37930545537
1397,283168.03775959305
1398,310364.97692032054
1399,78231.64916293105
1400,168522.77850857272
1401,366760.7417873633
1402,371611.6166415231
1403,264512.11003440456
1404,38139.92798536475
1405,159850.33624666225
1406,118839.51505913587
1407,113931.92880571324
1408,143420.97735538016
1409,173102.76423625936
1410,334315.08148618636
1411,176268.0488669485
1412,110740.8598655645
1413,293912.04687289195
1414,129228.48255105612
1415,48236.066653959075
1416,104695.74719337153
1417,241941.18323475655
1418,132151.04838232108
1419,123538.1624980572
1420,161987.12120565283
1421,203130.26804666762
1422,158425.59247361257
1423,403602.19952328334
1424,356449.81148559065
1425,135227.7964531932
1426,206477.43920277618
1427,386134.14270368917
1428,199139.94743127923
1429,277202.6646556811
1430,168968.14718152786
1431,108491.55963227017
1432,212696.7991841839
1433,91536.07634879612
1434,319513.8657369548
1435,138328.25188080128
1436,53788.653487900985
1437,408287.23391744576
1438,194514.04756902423
1439,168402.6113308586
1440,111482.97830958491
1441,324660.37711818906
1442,97006.09142966433
1443,184477.32679579963
1444,240460.15847263928
1445,254698.32173233008
1446,192886.30996851603
1447,385579.65219345735
1448,93398.93803570335
1449,117181.54312138776
1450,111361.16883957187
1451,504045.7551836382
1452,348765.20448494144
1453,136357.32086611664
1454,183655.01300807516
1455,223543.65632311386
1456,255612.5293412297
1457,99073.5452491528
1458,205738.65771984556
1459,190557.9050379293
1460,175922.61247153048
1461,314817.78146319574
1462,159646.54327621142
1463,196560.55823729842
1464,161191.41451837847
1465,187438.804916114
1466,252663.66769412195
1467,118311.90058428813
1468,383609.1369404936
1469,108809.63774892515
1470,225885.71578194114
1471,261330.11659726422
1472,123355.71457658074
1473,120375.55819929083
1474,241067.1879769729
1475,335962.7697370744
1476,171241.6940741513
1477,160155.2441972243
1478,90986.13310813895
1479,113935.30477521753
1480,502416.85494183697
1481,285604.6707142422
1482,200646.35775527373
1483,211799.82875059542
1484,205157.65167382773
1485,328193.5700275319
1486,125244.44317815219
1487,464634.0618841861
1488,271655.01747741597
1489,230344.57357201286
1490,140618.68718801317
1491,126730.29666128155
1492,76810.47878679552
1493,203854.12546467243
1494,107579.22432001466
1495,429288.94522361556
1496,159777.1961592238
1497,447775.72727458575
1498,192019.06315475804
1499,321802.8674793767
1500,146357.88284175913
1501,29173.19665109198
1502,206128.11541144783
1503,252679.9477354569
1504,177286.4194447728
1505,129789.11319830368
1506,97001.81339444815
1507,436951.95390778244
1508,264847.9376341586
1509,158761.88705426294
1510,249830.8096430267
1511,214856.30908184333
1512,189735.78060539998
1513,52988.568260207016
1514,332239.83386500913
1515,116059.20581011345
1516,128972.5880062402
1517,126980.56811985424
1518,55818.81649208374
1519,103150.32632909308
1520,293336.0729472229
1521,321116.66710233584
1522,292928.65448720224
1523,76842.81908565285
1524,152050.25556884377
1525,160836.37178971988
1526,131821.16574060736
1527,386652.00093866966
1528,114375.08257510445
1529,186750.40130439756
1530,75902.11181890685
1531,113357.86602501074
1532,241557.03618278785
1533,393284.9603491283
1534,112948.63423048005
1535,391195.55591730186
1536,73638.00462788803
1537,204433.8289787663
1538,489746.18681109836
1539,222400.8506180265
1540,259798.98651774044
1541,77936.11633595735
1542,75860.39462021568
1543,210537.81742241446
1544,339078.4274581895
1545,71441.34500195475
1546,228398.82546060887
1547,132615.34638018787
1548,176933.27924171012
1549,76828.1409466675
1550,171359.5066679309
1551,523591.53326540696
1552,113629.91659581143
1553,324602.10067241587
1554,118789.98056043684
1555,293998.3455534483
1556,346700.9844407545
1557,323830.10401691595
1558,197241.141458372
1559,74018.3002601448
1560,75406.72974893484
1561,192875.77690300753
1562,328811.51615841343
1563,186301.92972081926
1564,160375.99563786475
1565,83101.26987503903
1566,249740.91918342892
1567,247455.20081722736
1568,429048.0793391161
1569,345459.433190287
1570,189013.27821824572
1571,284921.47600923205
1572,161034.51965312666
1573,328697.1729212925
1574,224658.82165827096
1575,94465.32345989636
1576,125662.9248011065
1577,92404.66776622392
1578,76614.1923798729
1579,205159.6108306634
1580,210149.57101556013
1581,198220.43905658208
1582,160972.4927135216
1583,323399.61327453516
1584,206765.8867233139
1585,80130.20615000596
1586,186676.28309683365
1587,293667.3138553839
1588,155877.99764069004
1589,466028.2554327026
1590,378899.5884141937
1591,270433.9239734765
1592,223847.83655852402
1593,85323.41079318934
1594,270307.4192235621
1595,327858.793561761
1596,330736.41395139514
1597,135352.9337544562
1598,119164.44968590615
1599,139857.99736818197
1600,158750.9569630455
1601,212222.3913002729
1602,29708.993281162384
1603,159434.30358524952
1604,122723.45551091922
1605,233753.468138354
1606,55306.972565919365
1607,92653.49770456796
1608,59789.28708504549
1609,88180.23085786523
1610,210931.37195834363
1611,204158.58981686493
1612,248960.42901491665
1613,103366.36111023465
1614,310994.9987384796
1615,175059.995422771
1616,331925.2700236198
1617,103004.08875386498
1618,241361.0983201213
1619,183114.68748667178
1620,215355.43871040182
1621,290970.89915379003
1622,420435.59391780564
1623,85095.48399307794
1624,83565.39582645618
1625,117385.00728222149
1626,454231.8340839114
1627,448592.49245906685
1628,235215.89725705658
1629,80467.77135171897
1630,503565.91549705045
1631,91252.08593822297
1632,342402.0990786743
1633,78435.90071978689
1634,73136.21739837578
1635,275007.90971131617
1636,221252.6865425043
1637,99034.82287355779
1638,88736.03438191814
1639,401088.9618381752
1640,112882.71429048089
1641,74376.6124248466
1642,45318.28551161018
1643,447682.2134294289
1644,268546.06033292675
1645,303095.75912005117
1646,262113.32092848804
1647,441355.49855640274
1648,81537.82300404023
1649,87553.848900093
1650,308468.68893138046
1651,366026.67843351857
1652,159845.20915975817
1653,300156.89832634176
1654,145413.82906929852
1655,306398.0974859029
1656,169499.98584042475
1657,159022.40919240116
1658,58409.45264973824
1659,129253.63262886884
1660,211504.04672617698
1661,133126.32073666155
1662,261713.5881955382
1663,309835.47416041547
1664,239405.73609825352
1665,183968.9793463159
1666,199273.2139762816
1667,434555.8640058261
1668,54832.26268675685
1669,138472.36686109914
1670,326065.6376689004
1671,82973.27894186575
1672,329926.53415292926
1673,191987.54661597332
1674,149766.20653010093
1675,91313.15097372676
1676,170102.74862660142
1677,264680.6214191602
1678,332084.5349944543
1679,291036.8314413041
1680,80068.58463987213
1681,185688.15526691912
1682,175900.18915491045
1683,268667.1065336857
1684,281476.8168054468
1685,302235.6812278099
1686,70454.83499004965
1687,298739.5350116575
1688,348684.2684713543
1689,230738.34614481602
1690,91791.56907813632
1691,154492.74360026314
1692,231572.2226277197
1693,222270.7314558291
1694,160822.9679104199
1695,235750.17209613032
1696,197150.1960921216
1697,144993.09966373796
1698,86988.46108614614
1699,87180.62591062218
1700,116680.7822098675
1701,115957.9327695801
1702,189720.00209792375
1703,260759.0595090287
1704,124902.43560825224
1705,156809.4689028625
1706,234110.52487635709
1707,165817.6984548752
1708,102025.30942227128
1709,243179.3593287732
1710,121465.43003903456
1711,162070.64283939768
1712,162699.16212910856
1713,224869.87040515582
1714,421178.3557730673
1715,268344.0852706495
1716,155947.1301374347
1717,137718.08553013968
1718,55084.13621892691
1719,252528.20027469326
1720,243263.7615621053
1721,109890.82013172396
1722,319536.09190309694
1723,113063.0112886918
1724,315629.50628870743
1725,266315.75882357947
1726,86059.64663149079
1727,87087.17346901559
1728,97056.77529878884
1729,199384.38690405176
1730,174355.30770893203
1731,174078.8709642999
1732,268647.7106017172
1733,364107.10359619255
1734,156623.37939799725
1735,126265.53357436272
1736,78788.03597615009
1737,134495.0764932085
1738,117036.4117166273
1739,248763.92221489048
1740,235373.94552062402
1741,196892.11966766955
1742,150300.12009215748
1743,258249.42901178854
1744,183082.70459721715
1745,192399.02706735217
1746,101775.39144419522
1747,141958.94412343603
1748,342693.47172311874
1749,303347.54138929024
1750,190086.33871501315
1751,75987.36098815466
1752,456576.3838557806
1753,100522.77693407313
1754,161676.64143762813
1755,220523.81273031983
1756,107078.9369150344
1757,160459.9944950686
1758,166588.96054642764
1759,264301.8770732832
1760,222198.06515746124
1761,218581.72007571236
1762,235349.48395030046
1763,280299.5080688232
1764,216655.71027297655
1765,92480.6658508533
1766,177515.66022649241
1767,53012.53433419429
1768,368847.2372114684
1769,339195.05613143515
1770,121117.39556050293
1771,422769.8955104918
1772,61761.82574714741
1773,244351.7904568522
1774,258960.8996591389
1775,163615.06788662195
1776,104341.8346141342
1777,194239.47779150942
1778,281516.42699480895
1779,213069.7799546868
1780,128407.28930927048
1781,299564.63994457334
1782,180264.0250702665
1783,173927.62361151644
1784,367297.80076600914
1785,80559.56214320603
1786,201641.98949459946
1787,109904.51699956277
1788,129952.72986712113
1789,251534.81505720972
1790,164746.3051052642
1791,104831.191187516
1792,149932.57118951037
1793,232286.67860296663
1794,55977.190185277264
1795,337097.1425963058
1796,139508.1245795408
1797,135380.8554863272
1798,196215.34029096007
1799,362587.4327079468
1800,525259.9360443436
1801,241837.56587468123
1802,354460.3139921711
1803,350010.19423124526
1804,107503.63443587782
1805,64052.016453126336
1806,190677.2271264395
1807,110200.67793396009
1808,259438.65250859727
1809,160485.44063788603
1810,226967.3628584562
1811,184409.7620615417
1812,155050.51803992694
1813,195593.69324633185
1814,270954.9171349393
1815,135628.8018288632
1816,155352.1124406544
1817,222930.60483656012
1818,109904.08127243097
1819,160114.7320001841
1820,184797.44934031423
1821,220834.79320574962
1822,264243.6517685861
1823,186580.33985331524
1824,151316.11302613484
1825,119563.74493626077
1826,68403.74682011375
1827,161218.8235060194
1828,153093.47218465005
1829,246641.0495100339
1830,153832.2169333588
1831,140641.45362710717
1832,211240.97395832936
1833,151877.29302669046
1834,373930.23728666414
1835,89210.8052717257
1836,208891.17630399863
1837,110272.21184878309
1838,54662.07689322529
1839,105323.36290522903
1840,144983.76551225886
1841,170664.21728386305
1842,221395.46792252432
1843,60675.28027847669
1844,64125.2185712621
1845,167962.41701250736
1846,116671.25924720286
1847,129742.55648145465
1848,103160.61780547448
1849,75039.59624398488
1850,328013.47976166115
1851,164072.3199652959
1852,203825.5777735634
1853,190568.13926779575
1854,254487.83527153387
1855,144349.48446111157
1856,194756.5059974692
1857,121511.84655873859
1858,184760.89509995098
1859,418866.585768196
1860,177222.27039934427
1861,273963.4846149383
1862,362726.05305847444
1863,301204.89684599283
1864,67204.68049514305
1865,175992.71575146433
1866,114342.9112803672
1867,97368.74480964485
1868,265835.451222449
1869,365101.20907579886
1870,363419.7406369859
1871,152704.58868443797
1872,58801.56277619502
1873,219270.74024376777
1874,186746.34296364654
1875,134026.2408483719
1876,103509.96123737776
1877,59477.958415056
1878,110867.891982141
1879,403427.39424214285
1880,110386.75023922212
1881,65472.93436758942
1882,191162.06243557957
1883,334114.2768118811
1884,88768.53589648961
1885,69222.46655912112
1886,244304.15189500226
1887,110826.15139904179
1888,386344.6109026097
1889,150654.55963121352
1890,357750.58693916554
1891,85507.91853917541
1892,168794.78375290043
1893,373077.9695307073
1894,195377.32057877022
1895,66352.04211408639
1896,232875.45617132873
1897,385947.1778499288
1898,138688.7531199338
1899,149720.94156644554
1900,55096.29775401691
1901,210393.40307070262
1902,278439.70578823175
1903,265403.7153977386
1904,436734.21011631563
1905,82392.22091006792
1906,127221.00247981698
1907,281193.19651519996
1908,118718.36768808862
1909,123042.10570669209
1910,424070.0945477819
1911,195715.67619806298
1912,406042.6912964026
1913,354360.002747136
1914,410623.3010103612
1915,318666.9980338182
1916,258246.44708658956
1917,341704.9788469218
1918,254124.9066736024
1919,244552.20328394053
1920,367654.8209557115
1921,165582.49022503252
1922,165682.24308628755
1923,457280.0053568676
1924,250310.78109805004
1925,316819.4607546899
1926,266988.09279185126
1927,239133.4541857846
1928,160366.97112717666
1929,205329.93267425834
1930,194329.30102914321
1931,117078.1514367854
1932,204952.12463902723
1933,446754.7952562954
1934,219373.80490957593
1935,355330.699300686
1936,242012.39658723876
1937,276019.6250117256
1938,106716.03205962201
1939,230119.81550605793
1940,114624.89695635607
1941,42095.70180394632
1942,107456.13154747603
1943,62455.97685426184
1944,117468.57293033088
1945,262327.61733026506
1946,275590.2690856976
1947,434672.374229127
1948,123758.97720352403
1949,133161.1963367977
1950,292751.13213526795
1951,150914.7304634003
1952,150574.2777043471
1953,374395.21544034366
1954,129286.84808243271
1955,201451.4305986173
1956,116461.2490092263
1957,74069.11503707316
1958,109047.74630329509
1959,261621.42658376935
1960,281873.4808157577
1961,186368.49458912743
1962,153388.96375927475
1963,443357.3662830233
1964,518796.4027159552
1965,240522.33750704574
1966,444412.4033920255
1967,175165.76002816038
1968,188738.98870097048
1969,108818.388508021
1970,182002.87029919
1971,273714.83836216305
1972,162405.8961526683
1973,84334.16496426979
1974,150654.58882253032
1975,115235.43577979121
1976,183649.9664341626
1977,295023.0149277784
1978,226483.01645975266
1979,143220.8669515586
1980,94884.5059942601
1981,428904.8349003242
1982,69379.30017562704
1983,230639.04191106293
1984,333275.7346131103
1985,233531.72482489256
1986,117987.12431999024
1987,376223.8099735637
1988,494116.49859540974
1989,275557.13705216744
1990,246608.49753225187
1991,345240.3945954292
1992,116610.24359163325
1993,170954.7941874519
1994,87167.3493472697
1995,192805.57890181636
1996,230920.8883853344
1997,82054.2060604878
1998,235236.60836234805
1999,183128.04213433428
2000,110180.7801664847
2001,261400.73901792246
2002,229455.48641807947
2003,349539.11535795906
2004,281664.5936075665
2005,151957.11227524467
2006,126260.95137366532
2007,199636.41352408918
2008,180214.87140971672
2009,56665.463614757995
2010,107073.20564027161
2011,280711.5818692475
2012,171923.2904261834
2013,212905.472622939
2014,96298.69822710758
2015,220610.00097904552
2016,528376.3848488565
2017,64933.6671665339
2018,219888.8753100332
2019,365814.0218170073
2020,105831.63323654592
2021,332992.6780841047
2022,361619.6036886176
2023,188603.5425073605
2024,266179.48638994084
2025,254425.88634274248
2026,170783.4959849545
2027,424941.2959896659
2028,213028.76743312337
2029,168833.06393630593
2030,216735.33672229815
2031,75272.20741613854
2032,135394.87170930643
2033,157504.26997517663
2034,177883.4555395799
2035,211269.07374567483
2036,164002.87659902472
2037,453722.3637107432
2038,184940.4905602185
2039,543001.4986627842
2040,526163.0670241131
2041,116190.60754296751
2042,135723.18334829845
2043,84233.83594701973
2044,135604.92068660152
2045,111373.62174332471
2046,176673.92547119613
2047,114450.89197520354
2048,208224.2320658167
2049,173176.65199901836
2050,281214.570916211
2051,361730.3968997665
2052,316977.0601803105
2053,452247.13502746134
2054,155971.91188749432
2055,129569.60986496597
2056,73518.43841662692
2057,146623.3142106829
2058,41940.70379794714
2059,107839.33917617891
2060,190655.23142560496
2061,94355.29980200491
2062,170852.69352959745
2063,301595.2024002286
2064,222914.37781528785
2065,72707.21373746799
2066,121100.22291131702
2067,189611.343502472
2068,209057.41006538452
2069,109082.9507231032
2070,287089.2452959481
2071,97810.19066116436
2072,95159.54354676849
2073,277384.4245624434
2074,141657.12334558513
2075,360157.36843977985
2076,351333.02828512614
2077,122125.82917887358
2078,300218.6012225341
2079,166681.85961963507
2080,410463.8989404317
2081,192971.58971084672
2082,188880.72066470934
2083,186471.25689348902
2084,510809.0317301281
2085,144496.68554798042
2086,197512.809244998
2087,187975.39250252937
2088,158729.57074327624
2089,146496.06797720597
2090,125264.62473613236
2091,118210.74525125291
2092,236866.0887162146
2093,255308.02538417207
2094,207247.1578669871
2095,291033.60495754605
2096,391286.4865477815
2097,65586.03956884542
2098,136574.82897280698
2099,179037.72227770675
2100,455294.052433727
2101,256207.2469547412
2102,421593.02720430464
2103,118791.38545353834
2104,111812.67639401302
2105,193257.69279404407
2106,146477.88349553468
2107,108342.68190964023
2108,179487.66185418222
2109,107637.98175392233
2110,165147.07726735662
2111,121775.58030226133
2112,192023.2209389959
2113,64226.72882889694
2114,428400.75857113075
2115,101608.28245842311
2116,128714.03190960038
2117,119218.7833433041
2118,81476.5495253151
2119,198337.44931178165
2120,111187.35848360255
2121,310505.6542127653
2122,83456.56782432449
2123,317763.229446971
2124,61398.18840367938
2125,341164.9526756681
2126,178000.16769117583
2127,224956.710508324
2128,197659.72304076498
2129,118203.16991095412
2130,150657.93677595234
2131,183320.1012316667
2132,321489.4730635227
2133,315638.50642130524
2134,85664.51433944603
2135,107243.14608925514
2136,191575.20992446135
2137,196772.85001577024
2138,270685.717318264
2139,301993.9047306061
2140,123525.0066831631
2141,64056.91772425446
2142,350213.1320709827
2143,334730.20245831815
2144,116228.43175009543
2145,159392.3996602591
2146,152086.28218917374
2147,325041.43220510375
2148,152358.83332371485
2149,122921.20348581934
2150,391730.2255077333
2151,268251.07242654526
2152,540309.6952051827
2153,204146.660382876
2154,166841.4137051233
2155,165565.38548052768
2156,88255.05308550964
2157,365322.9371734562
2158,134200.45906222184
2159,227508.59910236218
2160,59559.42040510991
2161,202546.03379223775
2162,198427.55736393074
2163,225683.20063080173
2164,388675.47080971533
2165,79971.70897331994
2166,110426.10205038688
2167,176570.92519538628
2168,226846.70701725516
2169,58058.99148966689
2170,350207.9200320078
2171,92377.33129188826
2172,149762.44828876547
2173,135212.48913455033
2174,221802.09915665773
2175,223722.82895509136
2176,68081.05923457089
2177,423734.97021057724
2178,163816.65129730935
2179,203222.29894693737
2180,97541.87335152968
2181,79554.31944785843
2182,457970.21732874657
2183,222936.51954055493
2184,283857.51809763064
2185,285579.17183327756
2186,290872.2284349909
2187,85802.67714190025
2188,209771.29343393503
2189,204151.657937985
2190,128765.56734425607
2191,118095.60463705065
2192,294155.470682861
2193,257874.09627201207
2194,148204.9712555471
2195,208684.47483747167
2196,192530.08949828157
2197,357853.39170292026
2198,189435.73287082586
2199,284960.9662599477
2200,119406.181681875
2201,129427.91138835657
2202,300525.177438194
2203,172918.5258568643
2204,168581.2838820924
2205,164081.05635474296
2206,288292.55210324243
2207,156885.50061563915
2208,311351.754425541
2209,545493.9162967971
2210,285436.08391719445
2211,269851.49505407247
2212,431371.7016113569
2213,108358.36164137657
2214,146658.12940508945
2215,84415.31964498636
2216,173689.13238501592
2217,492113.58315070026
2218,205779.18483666528
2219,441693.4657081784
2220,137679.2327483969
2221,476352.43980872247
2222,128004.36901474724
2223,253951.86489805309
2224,240985.41622853628
2225,155436.4405061222
2226,178227.23926998206
2227,130760.38745247337
2228,108926.97368860293
2229,203542.55883287863
2230,148711.35251672444
2231,116027.88142072073
2232,58396.42848830749
2233,323342.2341092353
2234,143189.20477680143
2235,318702.39841578604
2236,114729.72080581317
2237,76660.46795034898
2238,208945.6745403912
2239,231459.2418165297
2240,130706.54865823723
2241,347546.6764932667
2242,103703.08684507872
2243,178183.33492166462
2244,179603.3356777603
2245,171178.79333755412
2246,415287.23784198257
2247,309233.036478481
2248,177530.51686498275
2249,206734.9977401255
2250,187330.5720359083
2251,173851.7599539297
2252,313257.70380457427
2253,195142.20388868699
2254,292319.486215065
2255,355885.6742109638
2256,257277.00497655928
2257,169000.75115380052
2258,167415.63853124744
2259,403349.3351711041
2260,158191.55482732275
2261,133396.16352727663
2262,423450.1546549746
2263,108642.66782685398
2264,120979.96838298456
2265,93806.79821174721
2266,491027.3267543084
2267,108886.5454908533
2268,77741.02303956561
2269,203898.57550136535
2270,149315.62845108568
2271,160755.47398332023
2272,134103.21051953302
2273,175847.09021534535
2274,118947.46482711122
2275,112510.16908957812
2276,450741.31322502403
2277,125472.8738729708
2278,151902.31501493533
2279,258744.84848275734
2280,113227.96548395405
2281,113565.96625745042
2282,156505.40013242868
2283,216905.43252473077
2284,119220.25527224637
2285,222566.4525308673
2286,240679.20970823243
2287,111109.45907459334
2288,127818.04488619532
2289,200077.05390431776
2290,289617.4745223109
2291,205582.06689153877
2292,89216.90748729225
2293,134603.48139325588
2294,381774.8412496927
2295,232454.7607960041
2296,78099.18615703122
2297,366723.5089999633
2298,327149.32153811236
2299,324462.4951643015
2300,114032.24904148585
2301,158699.12472004484
2302,244906.08739216774
2303,137816.2642821206
2304,177568.8053332627
2305,197666.6907968228
2306,194070.8452136245
2307,140665.51450342927
2308,268036.9979175766
2309,230048.24490194838
2310,243563.5051825122
2311,172402.8970780297
2312,309195.69340593735
2313,238079.6249386901
2314,263039.10596416413
2315,172122.538916663
2316,352461.8008999915
2317,183486.3359721844
2318,57708.3869342505
2319,114083.45629404698
2320,152993.290658207
2321,206536.9542806985
2322,449542.68360689975
2323,101999.05634726089
2324,176276.19137768465
2325,300938.6522006627
2326,218205.83755399106
2327,64970.66357899936
2328,321358.21796802245
2329,88794.5466688872
2330,129248.74714718967
2331,360313.60864563216
2332,87555.946564966
2333,197847.14226947134
2334,144975.2249257637
2335,166821.7877097702
2336,411385.23189804074
2337,212809.89933530026
2338,48767.61111247326
2339,47744.37029257777
2340,265590.172395447
2341,164875.61723363624
2342,306443.9304564777
2343,350231.68371173285
2344,119439.99883861143
2345,117604.36808893431
2346,371212.6833782172
2347,173936.95723229152
2348,156402.5315131292
2349,217443.40161842768
2350,82638.95027381627
2351,125613.13888753744
2352,140436.39550834225
2353,346268.58628839644
2354,130197.4561875952
2355,222001.99527753776
2356,136328.71317912595
2357,68768.84866567084
2358,166013.0916732882
2359,467063.6960226522
2360,105476.02638709452
2361,70385.66311252676
2362,272863.3451956675
2363,55031.45058620915
2364,156578.0925150609
2365,150244.31870940328
2366,285075.2972427433
2367,500876.4061461894
2368,193145.3769509003
2369,124580.2208699672
2370,260399.01837878203
2371,225352.63832536936
2372,136095.45468394854
2373,113014.53597671553
2374,193571.7404515477
2375,68815.34262376076
2376,273682.9272558077
2377,196508.70939123334
2378,85346.40874507086
2379,509565.19553207495
2380,251060.3028516973
2381,76677.34013353813
2382,129047.66260199485
2383,96439.35789997077
2384,115853.3939293832
2385,145117.65000905556
2386,307606.5185073446
2387,202761.34316819365
2388,131450.31144846682
2389,354137.19297961576
2390,92803.430481595
2391,107867.01891631221
2392,128982.04624948485
2393,380841.07545710827
2394,191005.08367287894
2395,240313.19350645682
2396,128312.39192886808
2397,211581.72635975626
2398,145821.9239599393
2399,389981.44911043823
2400,309504.1577608976
2401,238078.76178228576
2402,190568.94081004738
2403,266534.79623165587
2404,257473.05688670397
2405,150667.23945872264
2406,70806.2583067586
2407,78121.91459216172
2408,62676.617889687484
2409,147149.03327366637
2410,172721.4401711507
2411,180580.21456912687
2412,125127.72068086077
2413,222226.91000611024
2414,253555.95720582592
2415,232621.62749445453
2416,81899.72954295058
2417,58418.505594333976
2418,113174.594814906
2419,186188.1035865024
2420,291783.17899642314
2421,320004.6699761184
2422,162871.53557629857
2423,217083.24908801555
2424,297170.747560847
2425,170091.26136792052
2426,485013.98954679834
2427,221373.32724342795
2428,506716.37689472246
2429,187558.1767330532
2430,200416.94777399348
2431,196918.916544459
2432,225196.29273419455
2433,70366.11351319158
2434,370296.6223491518
2435,154386.33465240477
2436,96394.46328686184
2437,148411.83997301504
2438,229132.70275261853
2439,285001.2404133339
2440,136857.14199066942
2441,377675.02367584617
2442,259730.84127978765
2443,127872.00135334622
2444,197873.5255375831
2445,328921.14375831845
2446,232714.63940134426
2447,239305.5638261934
2448,59066.43402800253
2449,79283.70913806075
2450,67520.00000089205
2451,140473.76844368567
2452,107488.70306081898
2453,220115.00418632012
2454,141048.18000605833
2455,57114.52727903151
2456,78657.60483382513
2457,223814.3583079259
2458,95469.06963410697
2459,476663.0251214861
2460,134114.2325229249
2461,149456.38237393618
2462,146994.19716839638
2463,236556.7165873507
2464,138130.61097247034
2465,211828.08543255477
2466,186939.38138700888
2467,544747.1661947283
2468,216124.60220675232
2469,194875.0368949444
2470,497904.02437676664
2471,191918.2935030109
2472,115862.66779518565
2473,95886.20727681811
2474,134157.59524101403
2475,105906.39916571089
2476,159459.17872722488
2477,224817.85803364238
2478,499848.2834859208
2479,273137.5690368664
2480,86830.94757143823
2481,149022.77660172817
2482,156915.28370764683
2483,97830.53549513366
2484,129731.72548402354
2485,131792.0357925578
2486,231171.8412021553
2487,82303.60424147849
2488,86096.24884155193
2489,108596.65843239902
2490,112890.7360042404
2491,171038.9372818248
2492,78529.57850935144
2493,294026.5302142352
2494,68519.90161565066
2495,191365.0127596037
2496,387758.6029517969
2497,404204.73263410927
2498,105630.21232074486
2499,176566.27432914882
2500,155707.64688633653
2501,265539.88398816437
2502,248502.4739446668
2503,318148.2895497925
2504,144686.87828438316
2505,335463.0229024621
2506,191259.34647315898
2507,132824.91967567767
2508,510977.33248967805
2509,444155.405535951
2510,114627.82365290412
2511,303295.9789108789
2512,103967.16057367412
2513,179966.2426904597
2514,136177.70967437513
2515,201350.83190070707
2516,126761.25222531856
2517,213090.39164596205
2518,260270.75470920838
2519,456476.30661275436
2520,412483.34315869736
2521,241682.23303821235
2522,203659.1712591674
2523,368805.4917214279
2524,253826.3430782056
2525,180975.5674072282
2526,355067.27380089165
2527,227224.48930943393
2528,377132.46846620133
2529,308533.5501125674
2530,225682.75877907083
2531,189070.0983061551
2532,181292.92607679687
2533,68135.97550076511
2534,129960.41402681942
2535,305783.6518650005
2536,135228.97800943145
2537,64361.52352804126
2538,47432.2222547335
2539,221770.37260028423
2540,260564.16184784975
2541,120334.38141416895
2542,117487.23324271009
2543,114663.46302600512
2544,165061.88696767594
2545,60237.59400956148
2546,324263.4248946804
2547,279761.45966632135
2548,115026.84977861903
2549,168049.9945733714
2550,89220.31288897787
2551,530261.9301915788
2552,93707.34026030643
2553,76086.05498250159
2554,98946.6138832748
2555,342154.81829945714
2556,204556.45719793948
2557,230200.29832661105
2558,160565.07189844138
2559,179562.82235425405
2560,283696.733215439
2561,196846.63363081226
2562,112966.08365082226
2563,337087.16078074015
2564,347609.03480567824
2565,498306.53832602163
2566,326835.2767498434
2567,108164.32117142559
2568,226705.70311355015
2569,360502.15371190547
2570,47342.357359705915
2571,160985.4480813786
2572,282955.6836180526
2573,211734.79999154355
2574,375089.69524733804
2575,197486.00964924708
2576,230135.1942417805
2577,270849.92925357044
2578,173224.53058135058
2579,50341.84638275952
2580,93185.43878314087
2581,242284.47297270762
2582,206234.4790433297
2583,496154.3995927578
2584,465746.13973316597
2585,78948.63764506398
2586,71390.94906589051
2587,295042.26719820703
2588,145926.96297146424
2589,171622.80586740165
2590,59175.60950208998
2591,252712.03216131654
2592,190495.13937518338
2593,302206.7299217081
2594,58432.67271210455
2595,427536.9488183047
2596,327650.36389473424
2597,188457.01922340773
2598,113516.09592508918
2599,173932.70624823164
2600,237920.5596986565
2601,88627.50434198661
2602,104974.86375317584
2603,229892.69318709205
2604,310011.6386843554
2605,486393.36274427664
2606,561226.0031235744
2607,205714.26866021214
2608,290745.89122542884
2609,167813.03789117088
2610,187930.0641761503
2611,139459.3898171778
2612,157961.2694755335
2613,90448.09963541957
2614,293732.5458018512
2615,128718.00444961296
2616,94019.057722778
2617,138696.12198212635
2618,458261.0990624797
2619,96626.27807237719
2620,118781.19913503688
2621,63719.9837120561
2622,186567.4670220103
2623,142604.2850744323
2624,395836.29227246495
2625,132808.85656736506
2626,121456.01760105365
2627,145762.02210219696
2628,117561.17825869861
2629,92995.3807229425
2630,102329.52580744728
2631,105220.9898788311
2632,389669.48183213494
2633,130185.24282794468
2634,285693.67417879583
2635,85039.17541646634
2636,104100.03681376445
2637,253956.58787281928
2638,91778.32027662225
2639,195177.74492341475
2640,367664.66029445204
2641,66972.8059248487
2642,161142.3440655701
2643,97944.81486837762
2644,445711.484537986
2645,164253.3519007625
2646,94872.78276854704
2647,44332.56941482563
2648,116658.84319202871
2649,347683.52934948774
2650,294970.0445812451
2651,288433.8979248816
2652,87169.22188874929
2653,133674.84439988338
2654,111068.91417645519
2655,87604.5833223129
2656,107895.64839813611
2657,186403.5826634429
2658,177244.3428374954
2659,93722.02601745476
2660,164574.32329249955
2661,116099.06258150119
2662,142164.61212216126
2663,44880.14080831961
2664,192180.48516665064
2665,419904.44313037716
2666,64426.174418293005
2667,223376.1760526883
2668,165922.0293295793
2669,207734.57875156222
2670,135628.32769401174
2671,80994.46032074011
2672,183435.36800983964
2673,427646.3182460967
2674,210054.84455265518
2675,144772.8035150946
2676,190467.08480018677
2677,173230.03326674187
2678,364555.70825444895
2679,299255.03852188145
2680,271488.9449811996
2681,85568.32296716397
2682,248717.6829752887
2683,121993.31304550321
2684,196789.06021001178
2685,398106.2394939662
2686,89037.66842478121
2687,132349.07728552332
2688,171123.63644967665
2689,177674.38829041686
2690,191789.07844204246
2691,202977.11758621136
2692,302761.52893231215
2693,104263.88912295704
2694,192920.0546473187
2695,245628.96680070765
2696,237593.06749499976
2697,253769.89948994183
2698,215625.02229851953
2699,305389.3270391325
2700,259450.81751674952
2701,190617.08257166314
2702,55732.82980547789
2703,148762.1544687053
2704,164814.64289719757
2705,143423.1330970708
2706,217784.41942289344
2707,234679.18953463918
2708,156905.9054600873
2709,73609.18042025063
2710,272136.0508061583
2711,330092.58626442065
2712,174047.1507387242
2713,108525.37657936993
2714,188097.26742700566
2715,180867.40427565607
2716,470613.98454144684
2717,184898.1951021046
2718,540302.3808715257
2719,129116.00356444469
2720,226126.1950205566
2721,181374.1746189794
2722,145377.50165753064
2723,201138.55640948986
2724,299080.59185240394
2725,94636.30839353867
2726,341000.2586025615
2727,158292.54030753483
2728,218136.55431738487
2729,60524.34544456808
2730,517131.116610148
2731,59232.22363527107
2732,220820.24526535673
2733,132756.07314109578
2734,278627.641675016
2735,150414.87792567094
2736,128954.90299249672
2737,257008.8821589148
2738,195865.6076445084
2739,159461.67486705512
2740,154762.07014388122
2741,153633.34265762713
2742,66950.38527438215
2743,92188.8990687929
2744,111188.52017218927
2745,177760.91422871215
2746,91837.99712289902
2747,239756.53143908875
2748,138810.99291074768
2749,104740.44243323775
2750,88191.37999519643
2751,469572.9106412674
2752,187420.2187303106
2753,324438.7310405963
2754,141679.94611534112
2755,200119.0797123598
2756,467223.2985342773
2757,96403.1089622443
2758,269909.0463529983
2759,189885.87050525416
2760,248238.33194248902
2761,160420.80164177404
2762,152182.13185010455
2763,414920.53647064767
2764,346210.338295758
2765,214261.40352888143
2766,268230.86612595833
2767,390771.29548535706
2768,79384.56355134553
2769,154529.17319866118
2770,266373.59630282276
2771,114775.75860302625
2772,125802.4398003506
2773,87545.39071082669
2774,470380.558841543
2775,235564.88217808123
2776,136656.91897917236
2777,167499.74920782459
2778,178860.77850580274
2779,443427.97787912283
2780,137690.93594781493
2781,88725.2494226996
2782,432699.6012060973
2783,94784.63643927852
2784,239060.21489811066
2785,114340.32547972848
2786,217692.78322994095
2787,200463.6805837069
2788,230005.0302849647
2789,329788.062252077
2790,373085.3736119836
2791,52949.62080582786
2792,169239.1511532302
2793,76289.71717373384
2794,222179.94344272048
2795,488968.62345097115
2796,315382.59853449516
2797,139546.72016877498
2798,138632.35643625516
2799,84013.26373880103
2800,120551.09888440685
2801,112167.75098430291
2802,74374.6532027979
2803,255647.74977567323
2804,187593.96967154485
2805,196034.21675116709
2806,146789.29133596778
2807,318023.15146772045
2808,485506.7130234068
2809,86133.49872822421
2810,159373.74865843443
2811,193929.43504505526
2812,75162.1319513409
2813,51644.02043425301
2814,146820.65439315612
2815,366488.47205833497
2816,257848.6823567533
2817,121692.98846115622
2818,395850.029040356
2819,219535.88721980766
2820,288519.9535925992
2821,331448.14547992917
2822,158241.42403332138
2823,96694.23594976464
2824,294710.18164568464
2825,260611.51585209585
2826,384056.3961807965
2827,335306.9693442004
2828,175289.591841469
2829,196876.92175285364
2830,148722.8518068341
2831,499997.58331127674
2832,149064.64789224308
2833,225230.6676752531
2834,168689.37101568788
2835,235718.52556096204
2836,407376.34942720574
2837,79200.55477094167
2838,412030.4665451544
2839,132765.19343215786
2840,79077.34521068323
2841,257666.19630845587
2842,120668.16781240898
2843,227775.51615302733
2844,64717.977636248106
2845,71282.08993238854
2846,207967.09227660595
2847,157536.7548891747
2848,172973.09378361414
2849,385221.77253319736
2850,203388.42343541904
2851,273178.47332080937
2852,149335.79061162053
2853,265887.9855079843
2854,245441.56913394565
2855,101378.89398324555
2856,75114.63862535317
2857,122742.54669572666
2858,359309.59583507886
2859,59954.389624434945
2860,215258.48471816498
2861,466941.4826754326
2862,240283.57847456855
2863,112184.40105206225
2864,71174.87184275224
2865,449771.6503300795
2866,111274.03327192298
2867,246388.37512947628
2868,114805.0120332466
2869,279355.21153910673
2870,182410.50515422956
2871,293500.76463724475
2872,188547.35828912663
2873,363769.31596562185
2874,226096.33710865726
2875,164691.11456462252
2876,106020.68836139803
2877,72801.05488693244
2878,221321.68441556089
2879,449544.85336975404
2880,453380.04033895076
2881,246365.4945270599
2882,451276.8219559686
2883,306982.5781393844
2884,162635.23006903115
2885,210281.5107752999
2886,239583.78214018364
2887,91884.67754824703
2888,219586.79420288565
2889,258546.86208859584
2890,404015.82569031726
2891,125505.440645667
2892,160689.50695615163
2893,132603.70545529402
2894,256744.80244071365
2895,191081.3110443421
2896,84893.20835773676
2897,144131.71979861884
2898,284371.46071828617
2899,211285.5202313659
2900,364343.03366074985
2901,402983.498706925
2902,95613.06379783429
2903,182938.5373005128
2904,174734.0181248462
2905,99105.60277130046
2906,217133.34698111442
2907,185759.007728415
2908,433688.46125408256
2909,125059.42757233804
2910,228825.73592224697
2911,54947.04036874688
2912,116077.9746088835
2913,266783.9433499698
2914,156188.11282539187
2915,406961.8675633829
2916,110425.69306882186
2917,470353.8115959535
2918,266669.0913781478
2919,197588.38125073674
2920,202903.31430146613
2921,241073.33085325873
2922,266051.0400371338
2923,168021.362947716
2924,217275.173837538
2925,368162.64936076815
2926,113725.73936486951
2927,300073.77239543584
2928,323931.9077435742
2929,328838.65741732175
2930,446600.24266930757
2931,258545.73055179088
2932,96425.00529125065
2933,209876.38847434384
2934,146167.9340759563
2935,172253.331868469
2936,174934.66468077074
2937,43304.904584299395
2938,402772.69730193197
2939,112630.16478098863
2940,118170.10385363181
2941,263084.5338673593
2942,140432.83368164397
2943,238222.8757167496
2944,114189.54376051131
2945,207188.94164479457
2946,277140.9880802091
2947,260670.05660862464
2948,129483.0797107747
2949,488714.48507412476
2950,163064.63033613344
2951,215616.69253206134
2952,162716.76020317653
2953,155096.8819378582
2954,143468.42868971886
2955,111163.07806922695
2956,215750.0557903044
2957,181037.48831803352
2958,104932.50920509982
2959,157008.5460696783
2960,514259.2467562965
2961,215056.31294253707
2962,145852.75248719763
2963,234614.09526403333
2964,194746.9426031224
2965,218310.53990161643
2966,108506.66534321012
2967,201222.35553018402
2968,226876.78310460292
2969,137659.71823773146
2970,178565.05846217557
2971,162815.3626175642
2972,90906.03369445224
2973,175709.58797883184
2974,200471.73654116289
2975,133394.6244124736
2976,96688.46836200175
2977,317322.6081504118
2978,232346.36207004983
2979,269836.273032802
2980,194330.08394800528
2981,363268.59695938
2982,143739.05330427075
2983,262139.6066624313
2984,180339.24238263897
2985,94152.55364151835
2986,224829.16388389887
2987,160281.72520847718
2988,215297.67805022234
2989,207067.66374811798
2990,108937.35060107431
2991,133188.61170163186
2992,185474.5483346019
2993,337906.3342405446
2994,118498.40701007644
2995,220579.64624050155
2996,427469.58368619333
2997,226954.97815795674
2998,151213.96244509134
2999,163956.40978778122
3000,143188.40073379368
3001,125956.1312606536
3002,200664.74781604356
3003,191944.514495038
3004,270494.8435266392
3005,353731.52646052436
3006,300637.044412281
3007,91439.36678247272
3008,103899.62566138037
3009,323676.99462627375
3010,217471.5437889973
3011,229346.19092190784
3012,418276.4375967868
3013,126191.59896642831
3014,175896.72327467945
3015,64008.438604502415
3016,50221.94893684639
3017,115231.3326633662
3018,113020.56426310462
3019,263889.2339117479
3020,126830.84224233513
3021,243410.1368442906
3022,315113.5397632319
3023,531990.8610024933
3024,125847.1005019488
3025,172486.05916176416
3026,74803.21568618478
3027,434579.7690991379
3028,290151.65584096056
3029,207441.1205803179
3030,132149.15116066972
3031,260321.57321549518
3032,77091.89754751019
3033,249992.14815386638
3034,81015.29061967965
3035,293447.6123365607
3036,138293.07888082578
3037,354846.49165610265
3038,109189.0627557986
3039,114118.95846375363
3040,77337.49487637093
3041,251895.43270394363
3042,141074.00072127933
3043,179768.16348907456
3044,360814.05188549747
3045,534483.3881568562
3046,198910.21594580958
3047,238298.40768820653
3048,499368.0620776107
3049,258253.82191793926
3050,419152.51088532386
3051,214343.3395626507
3052,188467.58543792093
3053,242128.63492143922
3054,415676.4574846944
3055,200025.51904024405
3056,191643.57995193012
3057,102962.5178936278
3058,355830.84997661365
3059,240694.75826056142
3060,507301.21335859114
3061,73825.10287362356
3062,306172.53993848024
3063,180603.16408533775
3064,152521.56701950115
3065,85949.01988240906
3066,219672.5832018605
3067,144256.110393955
3068,76180.42106493123
3069,149849.48270585388
3070,356862.2198170352
3071,516709.27104828536
3072,154454.81838773564
3073,386563.43949314987
3074,359756.0997153885
3075,232217.59253682196
3076,258598.15487536127
3077,150933.77370143877
3078,160363.93601808927
3079,90340.73955294171
3080,93967.32287303533
3081,166112.03815315638
3082,342757.08174296265
3083,284880.26225764106
3084,216904.94420732567
3085,181964.2627144056
3086,430186.14285925386
3087,189923.77323004388
3088,235115.51712444588
3089,166715.71432157976
3090,76336.79579455065
3091,149670.6939381385
3092,151459.166057895
3093,170843.4310847207
3094,221206.6092451835
3095,184200.0106360532
3096,203479.43231194903
3097,429236.86674385035
3098,194350.05897915942
3099,311963.82161694486
3100,132772.66697878408
3101,177093.5533347803
3102,329128.55449059955
3103,223963.23828175646
3104,283350.71287011495
3105,102964.37891680426
3106,136150.0124260354
3107,159459.06006290994
3108,204802.66431255682
3109,169362.66598566997
3110,86317.56863682206
3111,289323.67325302016
3112,185499.39755827686
3113,122049.02077577464
3114,263032.4099996032
3115,489235.68862744566
3116,257189.53303833603
3117,122197.3133231528
3118,181757.53904838167
3119,271047.28755727754
3120,406369.4968369077
3121,93298.43278200696
3122,334585.6933273115
3123,121881.50874683906
3124,218270.10114146944
3125,216866.62306574563
3126,84517.03121606704
3127,160993.52712098826
3128,163407.99498213304
3129,65839.80728587428
3130,88574.33730412269
3131,249308.34501833445
3132,201643.56190913392
3133,164955.170902636
3134,266522.67096066684
3135,275861.0492871234
3136,238821.83600085333
3137,127017.56534028912
3138,193017.8150331984
3139,114702.41443683044
3140,57654.43307619814
3141,75583.0253116477
3142,196241.1082427969
3143,322305.8752251969
3144,124281.19666733917
3145,479751.5912353473
3146,176548.4993131027
3147,97232.24780055635
3148,195110.06974597642
3149,173327.4624139236
3150,126635.5458543019
3151,97945.48053945666
3152,74709.12126254181
3153,197443.11390081653
3154,109613.92885014103
3155,60047.82472247504
3156,356126.488838745
3157,446301.43074118305
3158,146343.63723756376
3159,208986.94886111878
3160,175571.15986037484
3161,225156.13102914134
3162,194472.6889777355
3163,163063.3401156749
3164,123952.7923740603
3165,196603.21947740423
3166,113679.31129431824
3167,191141.285043618
3168,203210.4563562946
3169,93040.15400853846
3170,255406.53295459124
3171,235636.38875059818
3172,201484.11757149114
3173,218550.0097431948
3174,206598.5566813536
3175,352536.3818274553
3176,94972.72693194874
3177,310006.3263301236
3178,300669.20312972
3179,234686.88264783163
3180,98723.60436649443
3181,211792.09276514774
3182,129315.92010417537
3183,302214.1466603536
3184,55970.76357270122
3185,58751.02298933532
3186,255948.6721040975
3187,220678.1115351106
3188,199354.4635678826
3189,377346.24157389416
3190,147836.1781355184
3191,115685.39944667576
3192,147852.04240347503
3193,241352.5365824898
3194,107465.34362994647
3195,121926.56887179967
3196,297389.22745805123
3197,102883.53296872333
3198,155442.90127133214
3199,276215.97246611404
3200,264991.1038131708
3201,116813.21452525741
3202,424415.5261330422
3203,194462.31557576093
3204,175242.8429398055
3205,256339.64117657582
3206,151223.6473712164
3207,189483.38924049833
3208,103521.12921889713
3209,235606.97650834575
3210,83609.1505744726
3211,178668.638387471
3212,145644.8019525038
3213,265924.5533797304
3214,126545.95869881283
3215,97134.8783111725
3216,457579.87890732853
3217,354339.42784173007
3218,174645.81419779654
3219,103855.93368861887
3220,320156.4521253604
3221,399189.84291222546
3222,256480.65087649613
3223,217870.15668499895
3224,422048.0110857678
3225,78397.86498145384
3226,218735.4502406582
3227,202762.97813021223
3228,354463.7431895854
3229,244322.4220398904
3230,124427.35270076126
3231,163456.15904142868
3232,185861.38439029834
3233,137693.58776369036
3234,185970.19874584043
3235,165150.2943177127
3236,162753.15718594694
3237,131967.67985935186
3238,279123.69895012944
3239,144481.43611463744
3240,311179.5349971794
3241,263412.4055176161
3242,62073.87956035681
3243,306819.79246521334
3244,308890.2479290338
3245,199673.99357071405
3246,140859.10137276095
3247,87137.61567136117
3248,126937.59969226854
3249,465991.0904261566
3250,292570.75180021994
3251,162380.08463025186
3252,113361.76844772116
3253,149720.91796108053
3254,160727.97488291247
3255,191689.35444600537
3256,442301.44237192126
3257,99972.30555932179
3258,258169.58039842825
3259,186021.93281624667
3260,464877.5453369721
3261,417818.5756887381
3262,73269.15531882594
3263,213866.24779192777
3264,109469.68663253846
3265,135594.61973305288
3266,418329.12907591916
3267,221098.79974597122
3268,193834.15242575004
3269,112559.74921432137
3270,115844.5115976309
3271,189267.55364095958
3272,89252.54858172745
3273,140372.4862912782
3274,168257.89362209692
3275,96743.55182147308
3276,391208.37957631436
3277,75363.9788646513
3278,167846.6279600491
3279,246203.3831823905
3280,282594.9297510813
3281,202664.70141992206
3282,65451.18006585764
3283,189222.92384285893
3284,140123.70822705943
3285,154567.33165128823
3286,344501.0957152078
3287,96153.80134276407
3288,403474.50567387906
3289,170909.03362183349
3290,98849.61319204768
3291,183154.25818311385
3292,234769.5401196367
3293,189163.49464042642
3294,165921.96339561805
3295,87689.90401921823
3296,102946.38766874585
3297,189753.41868116544
3298,235305.43701840428
3299,250877.78701490298
3300,193153.84016174974
3301,220078.65149491676
3302,208833.44038279844
3303,121843.5100375616
3304,382154.2948933867
3305,121788.81451072161
3306,153661.86043300608
3307,97224.12337268227
3308,60484.206279011625
3309,173214.01213040244
3310,329449.59423824964
3311,132611.4539476326
3312,199190.26650171727
3313,201370.89056657907
3314,49295.096146537755
3315,110838.02805195459
3316,203116.3836538673
3317,161724.47360988572
3318,80899.30402737962
3319,329026.182532358
3320,196686.13114715932
3321,237214.58689819154
3322,96495.14061981265
3323,201655.4934003828
3324,186114.2513827995
3325,102298.6813596141
3326,71372.04708861207
3327,50762.20916718288
3328,343671.0140949388
3329,161768.8003738399
3330,120939.17266055102
3331,150554.9892127151
3332,278332.83420277503
3333,200580.76632564006
3334,171170.930102102
3335,176014.95900928634
3336,50684.39361219741
3337,75434.8795743324
3338,44583.74131154797
3339,328648.53595808626
3340,374676.80719485146
3341,120606.57106548846
3342,151946.81385956565
3343,418158.53390856733
3344,91213.1440329205
3345,88888.67207587887
3346,132803.76754171838
3347,190915.7655682729
3348,124823.28022411848
3349,517281.8596419985
3350,147905.05402122578
3351,360739.7185991835
3352,201320.6703309753
3353,180311.90218652523
3354,491249.845250381
3355,283589.18884911115
3356,382050.56201772956
3357,287207.8090479843
3358,53066.52082478276
3359,151201.6401194593
3360,120116.87444826559
3361,155652.35542282183
3362,413471.3117567082
3363,201681.03884657004
3364,328548.9618158784
3365,120686.65559546536
3366,229513.63169709017
3367,245636.1018215914
3368,87928.61078132803
3369,349273.22520899563
3370,151979.0075117439
3371,190426.15772240682
3372,165445.7375880461
3373,246499.76173931937
3374,333978.6326719349
3375,219036.35411261115
3376,107423.86304719649
3377,187627.9687444579
3378,148579.44618488735
3379,139641.79496057652
3380,330348.1073194251
3381,51432.873184447875
3382,128285.9631196213
3383,304028.1989288658
3384,177578.5878389063
3385,201496.38301557934
3386,348549.95611687866
3387,444921.7585030401
3388,282077.30136090016
3389,224343.5687322582
3390,160336.5453707799
3391,226642.3453772567
3392,109830.32807936284
3393,212763.10692812013
3394,193607.94531254092
3395,263771.8346788549
3396,151666.0223589648
3397,156783.6466542552
3398,189022.0389659144
3399,220743.2654189571
3400,203118.01738386284
3401,225836.2938255135
3402,135134.24716388775
3403,65795.57429656698
3404,159285.88145578647
3405,187066.90330886343
3406,209265.26646196083
3407,369487.65362075786
3408,89011.58417890283
3409,226954.69171398986
3410,114618.733299475
3411,175589.78782825798
3412,186212.7633668307
3413,70492.63871467547
3414,116087.75555740889
3415,306461.0727574664
3416,294989.9903815614
3417,76336.14959911411
3418,153628.98643551482
3419,311009.1594587233
3420,51074.291726435455
3421,224337.14214310385
3422,73233.21187329627
3423,76900.74766162035
3424,211677.43247667464
3425,144525.78719904154
3426,204249.26876102743
3427,341634.30210249976
3428,350965.5024566524
3429,124485.84138292493
3430,172151.61603794075
3431,309025.3130873298
3432,511613.0908418953
3433,305142.04531575006
3434,480539.9591346647
3435,85777.72759186513
3436,178525.0914460004
3437,225031.73600933314
3438,128790.76555394406
3439,72119.26909323728
3440,154195.99203450143
3441,254880.52642861893
3442,105642.03113886843
3443,328405.72207756515
3444,177479.48140161464
3445,250336.86785687224
3446,133866.52111332637
3447,184469.31893800927
3448,491939.79992071475
3449,534657.0372985344
3450,129621.56233748437
3451,320768.7915514547
3452,92971.73958843584
3453,182531.0077026533
3454,233780.57156605745
3455,507006.0609152547
3456,138184.24462832476
3457,97062.70075547897
3458,135652.43571258028
3459,278189.3620558123
3460,84056.27094697987
3461,56850.09586967955
3462,202376.37508757508
3463,179599.7983391661
3464,364864.4848088977
3465,182551.7161269902
3466,285015.17638175713
3467,100314.10336895574
3468,225976.25964396974
3469,135564.15206347234
3470,114243.7933460717
3471,53428.54301827898
3472,173583.70154902525
3473,213153.81072256804
3474,252336.56594057637
3475,424332.75449263817
3476,192876.25428702126
3477,207789.0553420932
3478,369529.9163162537
3479,124721.83382425083
3480,139815.85809297816
3481,180215.09599336516
3482,79406.46199869439
3483,210925.74310181037
3484,113149.48462120746
3485,152291.37432674653
3486,68415.2709904554
3487,176696.78579162512
3488,97649.07120837603
3489,202402.2740884112
3490,434249.03918018535
3491,248637.56125522938
3492,315410.8235367504
3493,226890.71694683336
3494,132570.60381557533
3495,136093.7755680853
3496,64153.88998783691
3497,164212.762101612
3498,144405.7816533979
3499,119826.76262038125
3500,308487.51430443214
3501,198936.67404388366
3502,238403.79734789368
3503,181420.51556830484
3504,142008.53147395348
3505,55229.62126991994
3506,86917.82376247192
3507,140689.4989912719
3508,66034.88397425263
3509,191333.7569170068
3510,144171.68653998998
3511,81633.35851092407
3512,277324.22023328074
3513,159783.07313762498
3514,434448.54394159815
3515,126026.0059621574
3516,107830.91500123641
3517,127142.57572742499
3518,117009.88991335113
3519,145416.1233292809
3520,294717.4730303402
3521,164490.32869900521
3522,396311.0461981965
3523,167499.40879582491
3524,192187.91789515133
3525,196720.72098484906
3526,361538.38448192156
3527,169828.42265592646
3528,140483.75179046602
3529,116744.52733058798
3530,112502.72771129989
3531,103067.05044135606
3532,475331.5376501208
3533,145762.41277109733
3534,110125.08790205343
3535,140997.27510353067
3536,183130.30343303556
3537,175735.61394188332
3538,304963.2120879194
3539,206758.87007011968
3540,179687.84263582397
3541,191295.56410701288
3542,73378.36397399892
3543,484847.2521913707
3544,79313.42078660516
3545,321915.02567157877
3546,253462.03822253394
3547,139655.1143063461
3548,301605.7265580091
3549,128853.49768217381
3550,249566.91404324904
3551,315988.4467315763
3552,140923.4530891337
3553,147009.1533245627
3554,105271.15142584863
3555,179292.32427136283
3556,106001.15445135187
3557,125444.6931035875
3558,74480.54807484522
3559,256082.9841591664
3560,483570.28565581713
3561,252473.7827655787
3562,459904.34145040344
3563,358588.508897845
3564,316249.06691469875
3565,413398.29317995656
3566,107358.43684652161
3567,246597.74820463575
3568,209276.1652579368
3569,267920.286271563
3570,191994.85542166108
3571,456931.87501599215
3572,270469.5945226017
3573,373882.44843337144
3574,264026.2564745118
3575,63459.40696119637
3576,360489.3556188483
3577,190354.8710234633
3578,152146.08898115304
3579,139200.6261470083
3580,208148.46894165428
3581,156348.78801824446
3582,229793.60792605576
3583,472948.3646640507
3584,110826.53076100917
3585,103959.84818841933
3586,354168.683392658
3587,177201.61108986026
3588,179059.6802730332
3589,175150.8961204603
3590,124815.95240052536
3591,127210.57381695307
3592,243430.7765001753
3593,121548.02841613335
3594,381397.06467521994
3595,138733.5798832203
3596,91460.26360097175
3597,282938.2668353117
3598,198526.27414782782
3599,114710.84267407759
3600,244816.85514165048
3601,197189.45204148832
3602,476032.09035772504
3603,95419.29826993129
3604,299022.0995963642
3605,115699.9820692164
3606,184802.15850464717
3607,218483.7065822565
3608,255492.34860294097
3609,53973.3502019925
3610,203626.01236050462
3611,305454.8792602016
3612,204556.66743210357
3613,405409.2697885128
3614,220120.35576777242
3615,170108.94424758625
3616,361537.1031637613
3617,295796.7119113725
3618,200851.57510323342
3619,122515.52474064476
3620,261660.4100859217
3621,223516.17673359576
3622,200335.50997602407
3623,252744.49382147889
3624,410773.58342851535
3625,437985.6682371746
3626,219063.46154580888
3627,96729.01124003458
3628,262295.2929848587
3629,81204.91181614067
3630,209584.37142921728
3631,138309.47896753822
3632,87123.20221930652
3633,142861.86704159618
3634,170262.6284319621
3635,293642.95307078894
3636,92997.22810050954
3637,104685.88287000013
3638,105242.19635237133
3639,521018.5822361832
3640,104303.81676662674
3641,168432.29992440055
3642,134072.9638572737
3643,242261.15825533864
3644,113204.07157056224
3645,298374.04801067256
3646,278466.1905059787
3647,183414.8909333171
3648,223647.45428179158
3649,248980.11205564626
3650,385931.89106301835
3651,120469.7037366565
3652,385222.66226634686
3653,173579.92695456411
3654,76410.91090911602
3655,289196.2833494985
3656,259864.91568536876
3657,322846.0483606328
3658,366868.56196666416
3659,204799.78866891182
3660,152170.14429272473
3661,194872.17684082568
3662,151870.24239387258
3663,502014.485274554
3664,465515.9143975891
3665,221930.51706763805
3666,215214.54152925996
3667,182318.96534380913
3668,70303.83708220885
3669,101691.55949029673
3670,201680.500935117
3671,513404.50869669486
3672,161083.78540282475
3673,182572.05378736387
3674,261732.72138782687
3675,177251.8762363159
3676,124924.0420956412
3677,187010.43590243216
3678,264925.1236866245
3679,194975.2943202186
3680,160823.62238901903
3681,191947.26931991745
3682,54002.423692513905
3683,194989.6451450112
3684,44207.41763368051
3685,88376.41737084139
3686,203451.42311683632
3687,76195.16144097548
3688,181429.75851054373
3689,120326.23169062185
3690,200300.53414620765
3691,211936.63646514498
3692,353308.66137648915
3693,215096.5219814378
3694,92943.23603503448
3695,513392.94781372184
3696,106739.97634148218
3697,150484.88150106472
3698,56322.911063523316
3699,143288.72999437418
3700,276718.8751965948
3701,239385.6209994141
3702,176518.07365974857
3703,101331.10353446745
3704,218094.94267467337
3705,214059.8062569465
3706,209915.84161171012
3707,100565.83718163618
3708,152337.5409733112
3709,88291.70710283058
3710,225848.96237781044
3711,278665.85161720804
3712,269258.0465078316
3713,184595.54012960143
3714,457326.80234088085
3715,214076.3566510605
3716,98770.07325313427
3717,249204.8910566234
3718,115713.59863943663
3719,183840.01006309903
3720,247005.4008662339
3721,280895.5738694908
3722,150877.4539108664
3723,54981.886089523374
3724,65461.5691968742
3725,132607.25775789158
3726,99053.59288114084
3727,182955.82863353845
3728,57828.932164767895
3729,331216.0188927563
3730,373538.0433737017
3731,77398.75115140913
3732,487248.3084563477
3733,334949.6424877788
3734,138187.47608437802
3735,242141.9051864278
3736,212097.06132943276
3737,144282.36236226774
3738,267710.46422295464
3739,124035.20357369338
3740,161346.78522305514
3741,100778.69840421069
3742,338770.2275907372
3743,170672.86814127996
3744,259726.03883845132
3745,203229.27693769996
3746,165863.42222950695
3747,300251.3350890195
3748,66443.71328264847
3749,169077.64913811386
3750,250364.52400968786
3751,87828.8727681923
3752,358007.9109010195
3753,89855.02877157653
3754,130941.01131948631
3755,113639.72535007
3756,189972.4774294909
3757,133460.91640891187
3758,371512.5069434737
3759,139179.7275733335
3760,129262.11565800718
3761,207898.03500906136
3762,202417.0718603148
3763,315557.52980563807
3764,427461.12326881726
3765,191392.2053550668
3766,260979.76964333598
3767,88004.68385089515
3768,71024.49984826105
3769,206680.54389915845
3770,60764.12612085826
3771,161214.90875995287
3772,278020.57151678315
3773,175404.15670007735
3774,160755.84911968996
3775,386504.71190926404
3776,83018.17031788448
3777,67608.69200214218
3778,171284.70332292691
3779,479983.6932181806
3780,147773.53859467464
3781,210548.26983972226
3782,205569.60898290842
3783,421717.50453617825
3784,121071.25649103892
3785,123333.6808604098
3786,128653.4867494405
3787,185607.88487920005
3788,442489.3237642931
3789,64920.62781637068
3790,135442.64444991082
3791,297274.1497876345
3792,164427.49283607287
3793,84282.90761220882
3794,430751.57540546823
3795,234163.13140809443
3796,217901.52030061107
3797,199856.73279752585
3798,201903.8792468613
3799,177565.64563821288
3800,216902.1190085377
3801,229272.66470970603
3802,193198.39183924283
3803,219593.4951290536
3804,250139.4244059736
3805,108603.45216174755
3806,117461.0476430869
3807,134735.32789218437
3808,96136.55286330802
3809,165160.47856197983
3810,143073.63517678092
3811,372623.66072888876
3812,383276.73004607396
3813,176208.54100253008
3814,247538.71895279037
3815,65114.27996817181
3816,183614.795818704
3817,106000.52158682635
3818,123019.554249156
3819,180421.48462420344
3820,387843.110645267
3821,152136.36282203646
3822,164653.10525358943
3823,326721.44819332747
3824,163531.29004897605
3825,83706.99762838754
3826,279510.6816922718
3827,157317.27723025376
3828,233189.25939503568
3829,349045.50529116
3830,89015.55053993924
3831,173971.96125176418
3832,414337.19699054066
3833,78479.64887345849
3834,528142.3151383743
3835,115185.91599199323
3836,96174.3076146839
3837,81226.07858442237
3838,99113.72500342983
3839,63538.05908744893
3840,347534.192025308
3841,359334.95340498624
3842,245381.9692166715
3843,129372.2907985076
3844,75110.27039320393
3845,87672.03344538709
3846,173397.05447285296
3847,124426.52877676254
3848,83090.9162952758
3849,188792.4235302595
3850,176311.34981796678
3851,121783.6545021074
3852,165353.8642488395
3853,84998.83872401775
3854,81555.37944076135
3855,172910.29870064944
3856,259063.90607414625
3857,406609.9351958286
3858,263694.9337172189
3859,294430.5230737193
3860,399844.65770122624
3861,437549.7137264223
3862,399885.4882625098
3863,99321.05288343961
3864,132804.9186827346
3865,342507.6981461022
3866,225361.10717513823
3867,121413.96646654865
3868,124534.07789269932
3869,180182.21360208935
3870,114472.76515129201
3871,306836.6959325918
3872,412921.65097613714
3873,173399.01858172307
3874,62628.65442884211
3875,317097.1532743289
3876,214044.36303881125
3877,159921.29718298864
3878,244502.47029675462
3879,109965.77526489092
3880,146612.4484247348
3881,206519.86621895034
3882,94138.37791298157
3883,113173.19698424697
3884,183353.5775666834
3885,181746.56257662133
3886,56465.27944684388
3887,82724.2934816824
3888,159000.4222329405
3889,194854.63062341334
3890,205293.39869146672
3891,119722.21891097304
3892,125866.16614015165
3893,165223.5097910751
3894,106174.481764812
3895,118735.77710700042
3896,142690.5869170657
3897,193899.5904714252
3898,216243.02321646627
3899,61231.47370090151
3900,404435.8560643203
3901,62381.24896467408
3902,401861.5114988731
3903,297221.2502834443
3904,364605.9702993229
3905,354708.49639851006
3906,65492.30208734587
3907,50547.48473026721
3908,140890.32296427764
3909,364491.1319944582
3910,244330.79020964346
3911,457674.7248025581
3912,157756.58370569904
3913,76436.20127788952
3914,181231.01651390482
3915,285078.42820301116
3916,114842.98298858637
3917,282176.25361395685
3918,178856.29926819197
3919,151496.45485598888
3920,266934.14161127544
3921,303566.03673519683
3922,173590.1723198693
3923,380515.71860873135
3924,268130.29997027013
3925,126822.1768501468
3926,273155.2014707933
3927,249125.57843997705
3928,193136.8532752475
3929,230026.20684921046
3930,271527.2996361535
3931,263231.61792632035
3932,59752.205135706514
3933,415650.2977537168
3934,297520.31198782095
3935,131799.0741484248
3936,378150.33808424993
3937,216985.48371072137
3938,154440.16013078086
3939,203450.94057234802
3940,145330.06678696963
3941,265941.25012244296
3942,179353.78259838597
3943,309842.0574301685
3944,224281.7340743842
3945,108193.52043271619
3946,116949.30146136232
3947,373881.7742460491
3948,73851.79365430491
3949,164397.56871641314
3950,142151.0912478998
3951,97634.41046577232
3952,346495.03113261255
3953,58262.69021757068
3954,150517.0759661614
3955,165052.7725113366
3956,166164.38866825274
3957,88833.49282998675
3958,202944.3333803655
3959,285810.3654728887
3960,329465.8099325329
3961,319249.1358364565
3962,382029.1078833556
3963,174717.13001153042
3964,258640.40677811444
3965,107185.40641775579
3966,109327.10366065896
3967,92392.4996655816
3968,138349.25935845685
3969,205508.6190438435
3970,193713.61645558826
3971,85491.48372258236
3972,206302.60912573297
3973,213122.80827017676
3974,183747.47258658524
3975,228032.88269481302
3976,104280.36040544293
3977,203361.24273142364
3978,256864.7527725969
3979,63362.695890518145
3980,494984.2823189546
3981,86881.0847000724
3982,431269.93119654467
3983,216887.63898570708
3984,76821.31176189658
3985,233550.9312200691
3986,63929.94170022932
3987,315490.49414676253
3988,263022.0817457727
3989,271862.0533044784
3990,125826.1580180381
3991,238903.40469032104
3992,277998.29073763994
3993,95121.95233323298
3994,209882.20332397785
3995,205799.64377742793
3996,170402.79437950556
3997,59876.70816027793
3998,185593.9806697065
3999,121667.35804708055
4000,202766.20017072823
4001,70290.04503627398
4002,253030.88831702166
4003,81849.90401100172
4004,244257.87928968
4005,256773.94555643303
4006,476705.36375889124
4007,178523.96329964334
4008,484003.63313687744
4009,183357.94359238175
4010,222265.99999982974
4011,146753.6256880577
4012,343997.11563885096
4013,232008.58567274702
4014,113588.56022854618
4015,205488.40824542582
4016,311167.88582783047
4017,185884.40537921953
4018,240040.21566827348
4019,50787.088415976315
4020,80734.80068512243
4021,163346.87749972346
4022,162307.0328219712
4023,421842.3472722674
4024,280264.8831185299
4025,111526.76383084549
4026,189052.86149646415
4027,253224.14823614096
4028,272118.37859941815
4029,265302.9028422523
4030,196532.71765837035
4031,241035.64469663746
4032,123270.28466818924
4033,99893.92040318625
4034,251887.04221084493
4035,300991.72603545245
4036,118742.05560662408
4037,203363.51304174817
4038,74698.911727663
4039,405210.5947547703
4040,64757.98341512376
4041,318215.99009880505
4042,308581.8641342249
4043,160291.53501259527
4044,211454.71933161124
4045,456590.7956505444
4046,281825.0359570628
4047,85484.82939906773
4048,513923.2806155964
4049,239478.36322331202
4050,173713.03213450938
4051,193761.69448942353
4052,101594.3136414997
4053,395065.5156575164
4054,400072.93050036585
4055,182008.73611236888
4056,170544.28929247623
4057,189507.09989492694
4058,155879.2053576258
4059,545383.5103508942
4060,298699.23816516955
4061,207055.35438885228
4062,305592.3598388652
4063,77983.94436835832
4064,294357.3428242864
4065,74622.77808210389
4066,310422.42062880425
4067,109764.78767482456
4068,153773.47797279584
4069,135110.70923058834
4070,143829.89759379555
4071,215911.66142318645
4072,229936.341690198
4073,166993.48163330075
4074,514031.0425399613
4075,298181.3741315366
4076,215381.51577360736
4077,532760.0927333394
4078,208387.98099553827
4079,141167.81486780502
4080,335478.86552297726
4081,437015.7088865485
4082,159267.78021704959
4083,226192.54427347623
4084,153159.10017280225
4085,225934.3170125605
4086,112153.57163782755
4087,159955.6630209996
4088,480857.311633104
4089,158018.95187788838
4090,80504.46732796199
4091,380834.75004174054
4092,190991.35899089015
4093,114252.54218348966
4094,69074.37274394715
4095,134712.1249955417
4096,116492.084492503
4097,289437.6019127922
4098,147521.5796191646
4099,363544.3319180606
4100,283716.1386407307
4101,456564.22607635864
4102,226425.17317296378
4103,126491.13096059702
4104,505032.3977406094
4105,407415.46712630807
4106,177979.6072421157
4107,73000.43617117207
4108,69743.75886691589
4109,115197.01784510961
4110,201589.67889606467
4111,388033.4911528565
4112,413959.30742078414
4113,128478.11968415868
4114,89280.34758818186
4115,263589.73595636233
4116,79612.66559192227
4117,216485.35519562353
4118,58200.37361129154
4119,290147.72643856733
4120,236465.12409408807
4121,277281.51912465
4122,69694.30418215234
4123,184160.12792554914
4124,450300.2146877403
4125,97110.75614404558
4126,394753.515578366
4127,170455.23914336305
